matrix,Format,Timings,OptimumFormat
2D_27628_bjtcai,0,6.13509e-05,1
2D_27628_bjtcai,1,2.62075e-05,1
2D_27628_bjtcai,2,0.00717984,1
2D_27628_bjtcai,3,inf,1
2D_27628_bjtcai,4,0.000101154,1
2D_27628_bjtcai,5,3.15818e-05,1
2D_54019_highK,0,0.000104008,1
2D_54019_highK,1,5.00474e-05,1
2D_54019_highK,2,inf,1
2D_54019_highK,3,0.00620455,1
2D_54019_highK,4,0.000142259,1
2D_54019_highK,5,6.85155e-05,1
a2nnsnsl,0,6.26192e-05,1
a2nnsnsl,1,4.17996e-05,1
a2nnsnsl,2,inf,1
a2nnsnsl,3,inf,1
a2nnsnsl,4,0.000166535,1
a2nnsnsl,5,6.85104e-05,1
ABACUS_shell_ud,0,4.00698e-05,1
ABACUS_shell_ud,1,1.74512e-05,1
ABACUS_shell_ud,2,0.00120874,1
ABACUS_shell_ud,3,6.17753e-05,1
ABACUS_shell_ud,4,7.97713e-05,1
ABACUS_shell_ud,5,3.09452e-05,1
adder_dcop_02,0,2.83017e-05,1
adder_dcop_02,1,1.18387e-05,1
adder_dcop_02,2,0.000248234,1
adder_dcop_02,3,8.08254e-05,1
adder_dcop_02,4,4.1944e-05,1
adder_dcop_02,5,2.36371e-05,1
adder_dcop_05,0,2.88597e-05,1
adder_dcop_05,1,1.21513e-05,1
adder_dcop_05,2,0.000249192,1
adder_dcop_05,3,8.07947e-05,1
adder_dcop_05,4,4.28219e-05,1
adder_dcop_05,5,2.40452e-05,1
adder_dcop_06,0,2.90056e-05,1
adder_dcop_06,1,1.21898e-05,1
adder_dcop_06,2,0.000248123,1
adder_dcop_06,3,8.10073e-05,1
adder_dcop_06,4,4.36495e-05,1
adder_dcop_06,5,2.46756e-05,1
adder_dcop_07,0,2.93483e-05,1
adder_dcop_07,1,1.22988e-05,1
adder_dcop_07,2,0.000248782,1
adder_dcop_07,3,8.16243e-05,1
adder_dcop_07,4,4.28492e-05,1
adder_dcop_07,5,2.39828e-05,1
adder_dcop_08,0,2.86129e-05,1
adder_dcop_08,1,1.19268e-05,1
adder_dcop_08,2,0.000248641,1
adder_dcop_08,3,9.72051e-05,1
adder_dcop_08,4,4.27226e-05,1
adder_dcop_08,5,2.36946e-05,1
adder_dcop_10,0,2.84904e-05,1
adder_dcop_10,1,1.21828e-05,1
adder_dcop_10,2,0.000248619,1
adder_dcop_10,3,7.98821e-05,1
adder_dcop_10,4,4.24966e-05,1
adder_dcop_10,5,2.3803e-05,1
adder_dcop_11,0,2.92226e-05,1
adder_dcop_11,1,1.21065e-05,1
adder_dcop_11,2,0.000249186,1
adder_dcop_11,3,8.12009e-05,1
adder_dcop_11,4,4.30401e-05,1
adder_dcop_11,5,2.36807e-05,1
adder_dcop_12,0,2.95222e-05,1
adder_dcop_12,1,1.16688e-05,1
adder_dcop_12,2,0.000248419,1
adder_dcop_12,3,8.03865e-05,1
adder_dcop_12,4,4.39688e-05,1
adder_dcop_12,5,2.3708e-05,1
adder_dcop_17,0,2.85872e-05,1
adder_dcop_17,1,1.22013e-05,1
adder_dcop_17,2,0.000248815,1
adder_dcop_17,3,7.96976e-05,1
adder_dcop_17,4,4.30992e-05,1
adder_dcop_17,5,2.39404e-05,1
adder_dcop_20,0,2.99077e-05,1
adder_dcop_20,1,1.24209e-05,1
adder_dcop_20,2,0.000257468,1
adder_dcop_20,3,8.06954e-05,1
adder_dcop_20,4,4.41319e-05,1
adder_dcop_20,5,2.43053e-05,1
adder_dcop_26,0,3.04148e-05,1
adder_dcop_26,1,1.18729e-05,1
adder_dcop_26,2,0.000249204,1
adder_dcop_26,3,8.08262e-05,1
adder_dcop_26,4,4.42895e-05,1
adder_dcop_26,5,2.40257e-05,1
adder_dcop_32,0,3.04412e-05,1
adder_dcop_32,1,1.21641e-05,1
adder_dcop_32,2,0.000250104,1
adder_dcop_32,3,8.20065e-05,1
adder_dcop_32,4,4.48995e-05,1
adder_dcop_32,5,2.45885e-05,1
adder_dcop_34,0,2.81487e-05,1
adder_dcop_34,1,1.28957e-05,1
adder_dcop_34,2,0.000249336,1
adder_dcop_34,3,9.15688e-05,1
adder_dcop_34,4,4.1998e-05,1
adder_dcop_34,5,2.40289e-05,1
adder_dcop_35,0,3.0277e-05,1
adder_dcop_35,1,1.24341e-05,1
adder_dcop_35,2,0.000251722,1
adder_dcop_35,3,8.2028e-05,1
adder_dcop_35,4,4.36117e-05,1
adder_dcop_35,5,2.37125e-05,1
adder_dcop_37,0,2.93624e-05,1
adder_dcop_37,1,1.20423e-05,1
adder_dcop_37,2,0.000259328,1
adder_dcop_37,3,9.73042e-05,1
adder_dcop_37,4,4.33766e-05,1
adder_dcop_37,5,2.38902e-05,1
adder_dcop_42,0,2.84016e-05,1
adder_dcop_42,1,1.2045e-05,1
adder_dcop_42,2,0.000248534,1
adder_dcop_42,3,8.3246e-05,1
adder_dcop_42,4,4.22019e-05,1
adder_dcop_42,5,2.42607e-05,1
adder_dcop_45,0,2.90095e-05,1
adder_dcop_45,1,1.19355e-05,1
adder_dcop_45,2,0.000249035,1
adder_dcop_45,3,8.01455e-05,1
adder_dcop_45,4,4.18611e-05,1
adder_dcop_45,5,2.36591e-05,1
adder_dcop_51,0,2.81744e-05,1
adder_dcop_51,1,1.19515e-05,1
adder_dcop_51,2,0.000248375,1
adder_dcop_51,3,8.1568e-05,1
adder_dcop_51,4,4.26578e-05,1
adder_dcop_51,5,2.36407e-05,1
adder_dcop_55,0,2.88349e-05,1
adder_dcop_55,1,1.21333e-05,1
adder_dcop_55,2,0.000249189,1
adder_dcop_55,3,8.97061e-05,1
adder_dcop_55,4,4.30058e-05,1
adder_dcop_55,5,2.42503e-05,1
adder_dcop_57,0,3.01837e-05,1
adder_dcop_57,1,1.18401e-05,1
adder_dcop_57,2,0.000248838,1
adder_dcop_57,3,8.10867e-05,1
adder_dcop_57,4,4.35257e-05,1
adder_dcop_57,5,2.38454e-05,1
adder_dcop_63,0,2.88415e-05,1
adder_dcop_63,1,1.21306e-05,1
adder_dcop_63,2,0.000249164,1
adder_dcop_63,3,7.98918e-05,1
adder_dcop_63,4,4.27023e-05,1
adder_dcop_63,5,2.4083e-05,1
adder_dcop_65,0,2.87425e-05,1
adder_dcop_65,1,1.2035e-05,1
adder_dcop_65,2,0.000248055,1
adder_dcop_65,3,8.02279e-05,1
adder_dcop_65,4,4.30761e-05,1
adder_dcop_65,5,2.38151e-05,1
adder_dcop_66,0,2.79443e-05,1
adder_dcop_66,1,1.18189e-05,1
adder_dcop_66,2,0.00024896,1
adder_dcop_66,3,8.52469e-05,1
adder_dcop_66,4,4.1383e-05,1
adder_dcop_66,5,2.36538e-05,1
adder_dcop_69,0,2.95187e-05,1
adder_dcop_69,1,1.21772e-05,1
adder_dcop_69,2,0.000248656,1
adder_dcop_69,3,9.0776e-05,1
adder_dcop_69,4,4.46308e-05,1
adder_dcop_69,5,2.41585e-05,1
af23560,0,6.34514e-05,1
af23560,1,2.93754e-05,1
af23560,2,5.01681e-05,1
af23560,3,inf,1
af23560,4,9.53773e-05,1
af23560,5,4.48979e-05,1
aft01,0,3.50516e-05,1
aft01,1,1.3784e-05,1
aft01,2,9.03065e-05,1
aft01,3,3.68288e-05,1
aft01,4,5.06788e-05,1
aft01,5,2.58617e-05,1
Alemdar,0,3.00322e-05,1
Alemdar,1,1.21139e-05,1
Alemdar,2,0.00104406,1
Alemdar,3,3.39851e-05,1
Alemdar,4,4.84327e-05,1
Alemdar,5,2.4602e-05,1
as-caida,0,3.62101e-05,1
as-caida,1,3.56305e-05,1
as-caida,2,inf,1
as-caida,3,0.0060407,1
as-caida,4,8.81909e-05,1
as-caida,5,4.8236e-05,1
bayer01,0,4.23957e-05,1
bayer01,1,2.01949e-05,1
bayer01,2,inf,1
bayer01,3,0.000112232,1
bayer01,4,0.000131272,1
bayer01,5,3.69676e-05,1
bayer02,0,3.01319e-05,1
bayer02,1,1.31152e-05,1
bayer02,2,inf,1
bayer02,3,4.3957e-05,1
bayer02,4,5.89546e-05,1
bayer02,5,2.59963e-05,1
bayer07,0,2.83991e-05,1
bayer07,1,1.16875e-05,1
bayer07,2,0.000671916,1
bayer07,3,0.000674036,1
bayer07,4,4.36568e-05,1
bayer07,5,2.45192e-05,1
bcsstk01,0,3.21348e-05,2
bcsstk01,1,1.37947e-05,2
bcsstk01,2,1.29844e-05,2
bcsstk01,3,2.68819e-05,2
bcsstk01,4,4.34665e-05,2
bcsstk01,5,2.82589e-05,2
bcsstk07,0,2.90865e-05,1
bcsstk07,1,1.18481e-05,1
bcsstk07,2,1.21388e-05,1
bcsstk07,3,2.52298e-05,1
bcsstk07,4,4.08833e-05,1
bcsstk07,5,2.48408e-05,1
bcsstk08,0,2.93121e-05,1
bcsstk08,1,1.2386e-05,1
bcsstk08,2,8.95612e-05,1
bcsstk08,3,3.21753e-05,1
bcsstk08,4,4.17545e-05,1
bcsstk08,5,2.40587e-05,1
bcsstk09,0,2.87182e-05,1
bcsstk09,1,1.20486e-05,1
bcsstk09,2,1.28138e-05,1
bcsstk09,3,2.65094e-05,1
bcsstk09,4,4.16739e-05,1
bcsstk09,5,2.38418e-05,1
bcsstk11,0,2.91549e-05,1
bcsstk11,1,1.18094e-05,1
bcsstk11,2,2.31904e-05,1
bcsstk11,3,2.75514e-05,1
bcsstk11,4,4.08122e-05,1
bcsstk11,5,2.41635e-05,1
bcsstk13,0,3.39214e-05,1
bcsstk13,1,1.43217e-05,1
bcsstk13,2,0.000202966,1
bcsstk13,3,3.65731e-05,1
bcsstk13,4,4.80536e-05,1
bcsstk13,5,2.65753e-05,1
bcsstk19,0,2.83303e-05,1
bcsstk19,1,1.21399e-05,1
bcsstk19,2,2.86791e-05,1
bcsstk19,3,2.60681e-05,1
bcsstk19,4,4.15387e-05,1
bcsstk19,5,2.35893e-05,1
bcsstk20,0,3.036e-05,1
bcsstk20,1,1.17053e-05,1
bcsstk20,2,1.26486e-05,1
bcsstk20,3,2.49053e-05,1
bcsstk20,4,4.1249e-05,1
bcsstk20,5,2.38296e-05,1
bcsstk34,0,2.90635e-05,1
bcsstk34,1,1.23962e-05,1
bcsstk34,2,1.55547e-05,1
bcsstk34,3,2.63174e-05,1
bcsstk34,4,4.20718e-05,1
bcsstk34,5,2.43775e-05,1
bcsstm05,0,2.99518e-05,2
bcsstm05,1,1.23037e-05,2
bcsstm05,2,1.182e-05,2
bcsstm05,3,2.51266e-05,2
bcsstm05,4,3.61335e-05,2
bcsstm05,5,2.49088e-05,2
bcsstm07,0,3.02088e-05,1
bcsstm07,1,1.21585e-05,1
bcsstm07,2,1.27819e-05,1
bcsstm07,3,2.57991e-05,1
bcsstm07,4,4.37574e-05,1
bcsstm07,5,2.50572e-05,1
bcsstm08,0,2.83966e-05,2
bcsstm08,1,1.18937e-05,2
bcsstm08,2,1.17739e-05,2
bcsstm08,3,2.5924e-05,2
bcsstm08,4,3.67039e-05,2
bcsstm08,5,2.32902e-05,2
bcsstm13,0,2.94138e-05,1
bcsstm13,1,1.13978e-05,1
bcsstm13,2,0.000110302,1
bcsstm13,3,6.06291e-05,1
bcsstm13,4,4.27605e-05,1
bcsstm13,5,2.30876e-05,1
bcsstm21,0,2.81717e-05,2
bcsstm21,1,1.26899e-05,2
bcsstm21,2,1.22345e-05,2
bcsstm21,3,2.76641e-05,2
bcsstm21,4,3.97587e-05,2
bcsstm21,5,2.39671e-05,2
bcsstm22,0,3.15554e-05,2
bcsstm22,1,1.26324e-05,2
bcsstm22,2,1.26263e-05,2
bcsstm22,3,2.43701e-05,2
bcsstm22,4,3.69332e-05,2
bcsstm22,5,2.53229e-05,2
bcsstm24,0,2.75817e-05,1
bcsstm24,1,1.19471e-05,1
bcsstm24,2,1.22304e-05,1
bcsstm24,3,2.77769e-05,1
bcsstm24,4,3.92335e-05,1
bcsstm24,5,2.40173e-05,1
bcsstm25,0,2.68111e-05,1
bcsstm25,1,1.21774e-05,1
bcsstm25,2,1.23664e-05,1
bcsstm25,3,4.36771e-05,1
bcsstm25,4,5.57946e-05,1
bcsstm25,5,2.44192e-05,1
bcsstm35,0,2.92213e-05,1
bcsstm35,1,1.27106e-05,1
bcsstm35,2,2.85412e-05,1
bcsstm35,3,6.17463e-05,1
bcsstm35,4,7.8185e-05,1
bcsstm35,5,2.68514e-05,1
bcsstm36,0,5.07676e-05,1
bcsstm36,1,2.32393e-05,1
bcsstm36,2,inf,1
bcsstm36,3,0.00013953,1
bcsstm36,4,8.67607e-05,1
bcsstm36,5,3.64756e-05,1
bcsstm37,0,2.91039e-05,1
bcsstm37,1,1.23928e-05,1
bcsstm37,2,2.38728e-05,1
bcsstm37,3,5.78264e-05,1
bcsstm37,4,7.4446e-05,1
bcsstm37,5,2.65175e-05,1
bcsstm39,0,3.05595e-05,1
bcsstm39,1,1.45081e-05,1
bcsstm39,2,1.45128e-05,1
bcsstm39,3,8.40216e-05,1
bcsstm39,4,9.54955e-05,1
bcsstm39,5,2.8277e-05,1
bfwa62,0,3.06939e-05,1
bfwa62,1,1.2745e-05,1
bfwa62,2,1.4077e-05,1
bfwa62,3,2.47753e-05,1
bfwa62,4,4.15219e-05,1
bfwa62,5,2.64573e-05,1
bfwb398,0,3.10493e-05,1
bfwb398,1,1.2525e-05,1
bfwb398,2,5.63383e-05,1
bfwb398,3,2.60496e-05,1
bfwb398,4,4.31286e-05,1
bfwb398,5,2.5978e-05,1
Binaryalphadigs_10NN,0,2.88045e-05,1
Binaryalphadigs_10NN,1,1.24937e-05,1
Binaryalphadigs_10NN,2,0.000169954,1
Binaryalphadigs_10NN,3,2.60555e-05,1
Binaryalphadigs_10NN,4,4.13479e-05,1
Binaryalphadigs_10NN,5,2.4132e-05,1
bips07_3078,0,3.05973e-05,1
bips07_3078,1,1.69767e-05,1
bips07_3078,2,inf,1
bips07_3078,3,6.02122e-05,1
bips07_3078,4,7.05213e-05,1
bips07_3078,5,2.99363e-05,1
bips98_606,0,3.0025e-05,1
bips98_606,1,1.30849e-05,1
bips98_606,2,0.00459001,1
bips98_606,3,3.29147e-05,1
bips98_606,4,4.83181e-05,1
bips98_606,5,2.51986e-05,1
bloweya,0,3.48314e-05,1
bloweya,1,3.15901e-05,1
bloweya,2,inf,1
bloweya,3,inf,1
bloweya,4,8.90462e-05,1
bloweya,5,4.52419e-05,1
bloweybq,0,3.09936e-05,1
bloweybq,1,2.8612e-05,1
bloweybq,2,inf,1
bloweybq,3,inf,1
bloweybq,4,5.5829e-05,1
bloweybq,5,4.13972e-05,1
bodyy6,0,3.42587e-05,1
bodyy6,1,1.47615e-05,1
bodyy6,2,0.00530669,1
bodyy6,3,0.000299648,1
bodyy6,4,6.77175e-05,1
bodyy6,5,2.82816e-05,1
bp_200,0,2.78402e-05,1
bp_200,1,1.18544e-05,1
bp_200,2,0.000101971,1
bp_200,3,2.86658e-05,1
bp_200,4,4.08322e-05,1
bp_200,5,2.32624e-05,1
bp_600,0,2.76885e-05,1
bp_600,1,1.15762e-05,1
bp_600,2,0.000158129,1
bp_600,3,2.95473e-05,1
bp_600,4,4.14028e-05,1
bp_600,5,2.34905e-05,1
bratu3d,0,3.63526e-05,1
bratu3d,1,1.58409e-05,1
bratu3d,2,inf,1
bratu3d,3,7.28635e-05,1
bratu3d,4,8.5677e-05,1
bratu3d,5,2.91278e-05,1
breasttissue_10NN,0,2.87894e-05,1
breasttissue_10NN,1,1.19627e-05,1
breasttissue_10NN,2,1.25009e-05,1
breasttissue_10NN,3,2.45118e-05,1
breasttissue_10NN,4,4.34367e-05,1
breasttissue_10NN,5,2.44256e-05,1
c-18,0,2.74421e-05,1
c-18,1,1.20144e-05,1
c-18,2,0.000198185,1
c-18,3,3.54913e-05,1
c-18,4,4.2135e-05,1
c-18,5,2.4251e-05,1
c-22,0,2.86503e-05,1
c-22,1,1.47295e-05,1
c-22,2,0.00058735,1
c-22,3,5.53352e-05,1
c-22,4,4.4299e-05,1
c-22,5,2.73575e-05,1
c-27,0,2.93779e-05,1
c-27,1,1.19993e-05,1
c-27,2,0.000804437,1
c-27,3,8.85405e-05,1
c-27,4,4.47126e-05,1
c-27,5,2.45149e-05,1
c-29,0,3.09982e-05,1
c-29,1,1.988e-05,1
c-29,2,0.000953484,1
c-29,3,0.000109556,1
c-29,4,4.74591e-05,1
c-29,5,3.1526e-05,1
c-35,0,3.01972e-05,1
c-35,1,1.44561e-05,1
c-35,2,0.001929,1
c-35,3,0.000198726,1
c-35,4,4.83979e-05,1
c-35,5,2.72127e-05,1
c-39,0,3.71503e-05,0
c-39,1,5.7342e-05,0
c-39,2,0.00433303,0
c-39,3,inf,0
c-39,4,5.73726e-05,0
c-39,5,5.77038e-05,0
c-40,0,3.29908e-05,0
c-40,1,5.12809e-05,0
c-40,2,0.00455089,0
c-40,3,0.000467,0
c-40,4,5.58883e-05,0
c-40,5,6.29526e-05,0
c-46,0,3.82935e-05,0
c-46,1,8.12336e-05,0
c-46,2,inf,0
c-46,3,0.000668575,0
c-46,4,6.96796e-05,0
c-46,5,9.43801e-05,0
c-47,0,4.60549e-05,0
c-47,1,9.2587e-05,0
c-47,2,inf,0
c-47,3,0.00191704,0
c-47,4,7.48055e-05,0
c-47,5,0.000105134,0
c-49,0,3.70817e-05,1
c-49,1,3.56516e-05,1
c-49,2,inf,1
c-49,3,0.00178793,1
c-49,4,7.58482e-05,1
c-49,5,4.79827e-05,1
c-51,0,4.3084e-05,0
c-51,1,5.61818e-05,0
c-51,2,inf,0
c-51,3,0.00250338,0
c-51,4,8.88956e-05,0
c-51,5,7.04105e-05,0
c-53,0,6.7572e-05,0
c-53,1,0.000254254,0
c-53,2,inf,0
c-53,3,inf,0
c-53,4,0.000102146,0
c-53,5,0.000267971,0
c-55,0,6.63951e-05,0
c-55,1,8.66141e-05,0
c-55,2,inf,0
c-55,3,0.00719042,0
c-55,4,0.000116612,0
c-55,5,9.91603e-05,0
c-57,0,7.30022e-05,0
c-57,1,0.000265636,0
c-57,2,inf,0
c-57,3,inf,0
c-57,4,0.000118142,0
c-57,5,0.000279069,0
c-63,0,6.98076e-05,0
c-63,1,0.000108195,0
c-63,2,inf,0
c-63,3,inf,0
c-63,4,0.000136294,0
c-63,5,0.000121431,0
c-65,0,6.06769e-05,0
c-65,1,7.52558e-05,0
c-65,2,inf,0
c-65,3,inf,0
c-65,4,0.00013548,0
c-65,5,8.81237e-05,0
c-66,0,8.1531e-05,0
c-66,1,0.000175067,0
c-66,2,inf,0
c-66,3,inf,0
c-66,4,0.000152041,0
c-66,5,0.000188884,0
c-66b,0,7.99907e-05,0
c-66b,1,0.000174468,0
c-66b,2,inf,0
c-66b,3,inf,0
c-66b,4,0.000150464,0
c-66b,5,0.000188053,0
cage10,0,3.75944e-05,1
cage10,1,1.54742e-05,1
cage10,2,0.0103884,1
cage10,3,4.72281e-05,1
cage10,4,6.07718e-05,1
cage10,5,2.87665e-05,1
cage5,0,3.1432e-05,1
cage5,1,1.28031e-05,1
cage5,2,1.37067e-05,1
cage5,3,2.52606e-05,1
cage5,4,4.44966e-05,1
cage5,5,2.62073e-05,1
cage6,0,2.94177e-05,1
cage6,1,1.18769e-05,1
cage6,2,1.24684e-05,1
cage6,3,2.44126e-05,1
cage6,4,4.42235e-05,1
cage6,5,2.41691e-05,1
CAG_mat1916,0,5.96558e-05,1
CAG_mat1916,1,3.82543e-05,1
CAG_mat1916,2,0.000318377,1
CAG_mat1916,3,7.50458e-05,1
CAG_mat1916,4,7.6378e-05,1
CAG_mat1916,5,5.22544e-05,1
cavity02,0,2.79409e-05,1
cavity02,1,1.26144e-05,1
cavity02,2,1.34038e-05,1
cavity02,3,3.41429e-05,1
cavity02,4,3.92994e-05,1
cavity02,5,2.34331e-05,1
cavity08,0,3.07369e-05,1
cavity08,1,1.19492e-05,1
cavity08,2,2.406e-05,1
cavity08,3,0.000115124,1
cavity08,4,4.44516e-05,1
cavity08,5,2.45935e-05,1
cavity10,0,3.18882e-05,1
cavity10,1,1.25533e-05,1
cavity10,2,4.64975e-05,1
cavity10,3,4.18717e-05,1
cavity10,4,4.4102e-05,1
cavity10,5,2.49198e-05,1
cavity12,0,3.23462e-05,1
cavity12,1,1.27633e-05,1
cavity12,2,4.66058e-05,1
cavity12,3,3.62366e-05,1
cavity12,4,4.53097e-05,1
cavity12,5,2.53478e-05,1
cavity21,0,3.86656e-05,1
cavity21,1,1.48097e-05,1
cavity21,2,8.6397e-05,1
cavity21,3,0.00126558,1
cavity21,4,5.11379e-05,1
cavity21,5,2.75366e-05,1
cavity23,0,3.74007e-05,1
cavity23,1,1.50125e-05,1
cavity23,2,8.57514e-05,1
cavity23,3,0.00129797,1
cavity23,4,5.03679e-05,1
cavity23,5,2.80109e-05,1
cavity25,0,3.71787e-05,1
cavity25,1,1.53011e-05,1
cavity25,2,8.61196e-05,1
cavity25,3,0.00129783,1
cavity25,4,5.13037e-05,1
cavity25,5,2.84907e-05,1
cavity26,0,3.80535e-05,1
cavity26,1,1.48125e-05,1
cavity26,2,8.59259e-05,1
cavity26,3,5.20919e-05,1
cavity26,4,5.19665e-05,1
cavity26,5,2.83038e-05,1
cdde2,0,2.72884e-05,1
cdde2,1,1.15782e-05,1
cdde2,2,1.18024e-05,1
cdde2,3,2.52783e-05,1
cdde2,4,3.98144e-05,1
cdde2,5,2.32886e-05,1
cdde4,0,2.82743e-05,2
cdde4,1,1.19468e-05,2
cdde4,2,1.16522e-05,2
cdde4,3,2.58262e-05,2
cdde4,4,4.16036e-05,2
cdde4,5,2.37665e-05,2
cdde5,0,2.83996e-05,1
cdde5,1,1.16204e-05,1
cdde5,2,1.18167e-05,1
cdde5,3,2.61277e-05,1
cdde5,4,4.16776e-05,1
cdde5,5,2.37039e-05,1
celegans_metabolic,0,2.83438e-05,1
celegans_metabolic,1,1.71657e-05,1
celegans_metabolic,2,2.39847e-05,1
celegans_metabolic,3,2.68244e-05,1
celegans_metabolic,4,4.0368e-05,1
celegans_metabolic,5,2.36594e-05,1
Chebyshev1,0,2.90547e-05,1
Chebyshev1,1,1.21852e-05,1
Chebyshev1,2,0.000160696,1
Chebyshev1,3,2.57392e-05,1
Chebyshev1,4,4.35794e-05,1
Chebyshev1,5,2.44953e-05,1
Chem97ZtZ,0,2.89039e-05,1
Chem97ZtZ,1,1.18061e-05,1
Chem97ZtZ,2,0.000462524,1
Chem97ZtZ,3,3.33098e-05,1
Chem97ZtZ,4,4.30185e-05,1
Chem97ZtZ,5,2.34604e-05,1
circuit_3,0,2.99184e-05,1
circuit_3,1,1.40217e-05,1
circuit_3,2,inf,1
circuit_3,3,0.00113557,1
circuit_3,4,5.57798e-05,1
circuit_3,5,2.69529e-05,1
ck400,0,2.948e-05,1
ck400,1,1.23614e-05,1
ck400,2,1.32871e-05,1
ck400,3,2.47457e-05,1
ck400,4,4.22832e-05,1
ck400,5,2.43175e-05,1
ck656,0,2.75989e-05,1
ck656,1,1.14172e-05,1
ck656,2,1.21387e-05,1
ck656,3,2.54233e-05,1
ck656,4,4.05997e-05,1
ck656,5,2.28073e-05,1
cnae9_10NN,0,2.82433e-05,1
cnae9_10NN,1,1.24809e-05,1
cnae9_10NN,2,9.53054e-05,1
cnae9_10NN,3,3.07539e-05,1
cnae9_10NN,4,4.16887e-05,1
cnae9_10NN,5,2.37381e-05,1
coater1,0,3.0027e-05,1
coater1,1,1.26458e-05,1
coater1,2,6.27456e-05,1
coater1,3,2.72502e-05,1
coater1,4,4.42291e-05,1
coater1,5,2.41085e-05,1
coater2,0,4.37212e-05,1
coater2,1,1.79328e-05,1
coater2,2,0.000698461,1
coater2,3,5.88291e-05,1
coater2,4,6.33955e-05,1
coater2,5,3.12647e-05,1
collins_15NN,0,2.80703e-05,1
collins_15NN,1,1.2249e-05,1
collins_15NN,2,1.36595e-05,1
collins_15NN,3,2.58619e-05,1
collins_15NN,4,4.16042e-05,1
collins_15NN,5,2.37418e-05,1
cryg10000,0,2.91913e-05,1
cryg10000,1,1.2421e-05,1
cryg10000,2,1.38886e-05,1
cryg10000,3,3.86553e-05,1
cryg10000,4,5.17187e-05,1
cryg10000,5,2.53768e-05,1
crystk01,0,5.90079e-05,1
crystk01,1,2.29943e-05,1
crystk01,2,3.54915e-05,1
crystk01,3,6.60115e-05,1
crystk01,4,7.46763e-05,1
crystk01,5,4.07784e-05,1
cvxbqp1,0,4.93855e-05,1
cvxbqp1,1,2.49069e-05,1
cvxbqp1,2,inf,1
cvxbqp1,3,0.000104405,1
cvxbqp1,4,0.000125022,1
cvxbqp1,5,3.7884e-05,1
cvxqp3,0,3.33539e-05,1
cvxqp3,1,1.5108e-05,1
cvxqp3,2,inf,1
cvxqp3,3,5.00747e-05,1
cvxqp3,4,6.66886e-05,1
cvxqp3,5,2.75167e-05,1
cz1268,0,2.83447e-05,1
cz1268,1,1.22007e-05,1
cz1268,2,2.75201e-05,1
cz1268,3,2.4773e-05,1
cz1268,4,4.05434e-05,1
cz1268,5,2.36904e-05,1
cz2548,0,2.83294e-05,1
cz2548,1,1.26374e-05,1
cz2548,2,5.67e-05,1
cz2548,3,2.65799e-05,1
cz2548,4,4.26777e-05,1
cz2548,5,2.43986e-05,1
cz5108,0,3.18256e-05,1
cz5108,1,1.33485e-05,1
cz5108,2,0.000133431,1
cz5108,3,3.09145e-05,1
cz5108,4,4.71317e-05,1
cz5108,5,2.54331e-05,1
cz628,0,2.93868e-05,1
cz628,1,1.23464e-05,1
cz628,2,1.65005e-05,1
cz628,3,2.66391e-05,1
cz628,4,4.40129e-05,1
cz628,5,2.37314e-05,1
dataset18mfeatmorphological_10NN,0,2.82754e-05,1
dataset18mfeatmorphological_10NN,1,1.24499e-05,1
dataset18mfeatmorphological_10NN,2,0.000313251,1
dataset18mfeatmorphological_10NN,3,2.66826e-05,1
dataset18mfeatmorphological_10NN,4,4.08896e-05,1
dataset18mfeatmorphological_10NN,5,2.35092e-05,1
d_dyn,0,2.95631e-05,1
d_dyn,1,1.21298e-05,1
d_dyn,2,1.25043e-05,1
d_dyn,3,2.33989e-05,1
d_dyn,4,4.38569e-05,1
d_dyn,5,2.52855e-05,1
de2010,0,3.39773e-05,1
de2010,1,1.57117e-05,1
de2010,2,inf,1
de2010,3,8.57012e-05,1
de2010,4,7.93147e-05,1
de2010,5,2.9202e-05,1
dixmaanl,0,4.17939e-05,1
dixmaanl,1,2.0115e-05,1
dixmaanl,2,2.88803e-05,1
dixmaanl,3,0.000122147,1
dixmaanl,4,0.000132631,1
dixmaanl,5,3.82239e-05,1
d_ss,0,3.10776e-05,1
d_ss,1,1.31316e-05,1
d_ss,2,1.84749e-05,1
d_ss,3,2.43306e-05,1
d_ss,4,4.15811e-05,1
d_ss,5,2.62045e-05,1
dw1024,0,2.80839e-05,1
dw1024,1,1.2023e-05,1
dw1024,2,1.257e-05,1
dw1024,3,2.60064e-05,1
dw1024,4,4.19025e-05,1
dw1024,5,2.37313e-05,1
dw256A,0,2.88234e-05,1
dw256A,1,1.15131e-05,1
dw256A,2,1.24164e-05,1
dw256A,3,2.45634e-05,1
dw256A,4,4.01661e-05,1
dw256A,5,2.34507e-05,1
dw4096,0,2.82477e-05,1
dw4096,1,1.27589e-05,1
dw4096,2,1.48191e-05,1
dw4096,3,3.39199e-05,1
dw4096,4,4.83874e-05,1
dw4096,5,2.56711e-05,1
dynamicSoaringProblem_3,0,2.82642e-05,1
dynamicSoaringProblem_3,1,1.20664e-05,1
dynamicSoaringProblem_3,2,0.000358823,1
dynamicSoaringProblem_3,3,0.000115198,1
dynamicSoaringProblem_3,4,4.22007e-05,1
dynamicSoaringProblem_3,5,2.43077e-05,1
dynamicSoaringProblem_4,0,3.0017e-05,1
dynamicSoaringProblem_4,1,1.20905e-05,1
dynamicSoaringProblem_4,2,0.000443295,1
dynamicSoaringProblem_4,3,0.000136394,1
dynamicSoaringProblem_4,4,4.4831e-05,1
dynamicSoaringProblem_4,5,2.45918e-05,1
dynamicSoaringProblem_6,0,2.94921e-05,1
dynamicSoaringProblem_6,1,1.23381e-05,1
dynamicSoaringProblem_6,2,0.000504412,1
dynamicSoaringProblem_6,3,0.000142577,1
dynamicSoaringProblem_6,4,4.3784e-05,1
dynamicSoaringProblem_6,5,2.47477e-05,1
EAT_RS,0,6.28258e-05,1
EAT_RS,1,3.37669e-05,1
EAT_RS,2,inf,1
EAT_RS,3,0.00103382,1
EAT_RS,4,0.000101857,1
EAT_RS,5,4.71073e-05,1
epb0,0,2.87898e-05,1
epb0,1,1.21805e-05,1
epb0,2,0.000164998,1
epb0,3,2.52241e-05,1
epb0,4,4.24203e-05,1
epb0,5,2.36426e-05,1
epb3,0,5.26785e-05,1
epb3,1,2.61646e-05,1
epb3,2,5.65388e-05,1
epb3,3,0.00016734,1
epb3,4,0.000179283,1
epb3,5,4.46518e-05,1
ex10,0,3.16109e-05,1
ex10,1,1.29614e-05,1
ex10,2,3.44429e-05,1
ex10,3,3.07715e-05,1
ex10,4,4.48846e-05,1
ex10,5,2.53424e-05,1
ex10hs,0,3.10044e-05,1
ex10hs,1,1.2991e-05,1
ex10hs,2,3.85447e-05,1
ex10hs,3,3.04558e-05,1
ex10hs,4,4.23846e-05,1
ex10hs,5,2.47931e-05,1
ex13,0,3.23747e-05,1
ex13,1,1.3617e-05,1
ex13,2,5.5519e-05,1
ex13,3,3.1944e-05,1
ex13,4,4.51298e-05,1
ex13,5,2.62324e-05,1
ex15,0,3.36278e-05,1
ex15,1,1.37211e-05,1
ex15,2,1.90757e-05,1
ex15,3,3.51911e-05,1
ex15,4,5.03865e-05,1
ex15,5,2.69527e-05,1
ex19,0,4.84671e-05,1
ex19,1,2.00634e-05,1
ex19,2,0.000132066,1
ex19,3,0.00014661,1
ex19,4,6.79595e-05,1
ex19,5,3.25847e-05,1
ex21,0,3.01341e-05,1
ex21,1,1.20982e-05,1
ex21,2,2.02254e-05,1
ex21,3,2.93973e-05,1
ex21,4,4.38603e-05,1
ex21,5,2.39207e-05,1
ex26,0,3.43713e-05,1
ex26,1,1.41686e-05,1
ex26,2,0.00017166,1
ex26,3,0.00283297,1
ex26,4,4.9678e-05,1
ex26,5,2.6011e-05,1
ex29,0,2.78664e-05,1
ex29,1,1.20452e-05,1
ex29,2,1.25684e-05,1
ex29,3,2.76065e-05,1
ex29,4,4.2552e-05,1
ex29,5,2.4153e-05,1
ex31,0,3.67369e-05,1
ex31,1,1.43442e-05,1
ex31,2,6.12451e-05,1
ex31,3,0.00682263,1
ex31,4,5.05212e-05,1
ex31,5,2.59486e-05,1
ex37,0,3.26039e-05,1
ex37,1,1.30999e-05,1
ex37,2,0.000203743,1
ex37,3,3.73704e-05,1
ex37,4,4.59949e-05,1
ex37,5,2.5084e-05,1
extr1,0,2.82265e-05,1
extr1,1,1.23203e-05,1
extr1,2,0.000530249,1
extr1,3,5.20792e-05,1
extr1,4,4.24973e-05,1
extr1,5,2.33327e-05,1
Fashion_MNIST_norm_10NN,0,3.9764e-05,1
Fashion_MNIST_norm_10NN,1,1.69251e-05,1
Fashion_MNIST_norm_10NN,2,inf,1
Fashion_MNIST_norm_10NN,3,7.41331e-05,1
Fashion_MNIST_norm_10NN,4,6.12033e-05,1
Fashion_MNIST_norm_10NN,5,2.96723e-05,1
football,0,3.4598e-05,2
football,1,1.67036e-05,2
football,2,1.48822e-05,2
football,3,2.80868e-05,2
football,4,4.37376e-05,2
football,5,3.09048e-05,2
fpga_dcop_02,0,2.73252e-05,1
fpga_dcop_02,1,1.18789e-05,1
fpga_dcop_02,2,0.000101777,1
fpga_dcop_02,3,2.58728e-05,1
fpga_dcop_02,4,4.13755e-05,1
fpga_dcop_02,5,2.35311e-05,1
fpga_dcop_03,0,2.8767e-05,1
fpga_dcop_03,1,1.26848e-05,1
fpga_dcop_03,2,0.000102358,1
fpga_dcop_03,3,2.63608e-05,1
fpga_dcop_03,4,4.27773e-05,1
fpga_dcop_03,5,2.40876e-05,1
fpga_dcop_07,0,2.93725e-05,1
fpga_dcop_07,1,1.24504e-05,1
fpga_dcop_07,2,0.000102822,1
fpga_dcop_07,3,2.57126e-05,1
fpga_dcop_07,4,4.16338e-05,1
fpga_dcop_07,5,2.28816e-05,1
fpga_dcop_09,0,2.88333e-05,1
fpga_dcop_09,1,1.17969e-05,1
fpga_dcop_09,2,0.00010093,1
fpga_dcop_09,3,2.71036e-05,1
fpga_dcop_09,4,4.35099e-05,1
fpga_dcop_09,5,2.36027e-05,1
fpga_dcop_12,0,2.8819e-05,1
fpga_dcop_12,1,1.22528e-05,1
fpga_dcop_12,2,0.00010264,1
fpga_dcop_12,3,2.65187e-05,1
fpga_dcop_12,4,4.38182e-05,1
fpga_dcop_12,5,2.32929e-05,1
fpga_dcop_13,0,2.79619e-05,1
fpga_dcop_13,1,1.21206e-05,1
fpga_dcop_13,2,0.000100961,1
fpga_dcop_13,3,2.61566e-05,1
fpga_dcop_13,4,4.23083e-05,1
fpga_dcop_13,5,2.37501e-05,1
fpga_dcop_14,0,2.84584e-05,1
fpga_dcop_14,1,1.20055e-05,1
fpga_dcop_14,2,0.000102819,1
fpga_dcop_14,3,2.61437e-05,1
fpga_dcop_14,4,4.29526e-05,1
fpga_dcop_14,5,2.33273e-05,1
fpga_dcop_16,0,2.79085e-05,1
fpga_dcop_16,1,1.27287e-05,1
fpga_dcop_16,2,0.000101965,1
fpga_dcop_16,3,2.7392e-05,1
fpga_dcop_16,4,4.21495e-05,1
fpga_dcop_16,5,2.35368e-05,1
fpga_dcop_19,0,2.8754e-05,1
fpga_dcop_19,1,1.21336e-05,1
fpga_dcop_19,2,0.000102018,1
fpga_dcop_19,3,2.66213e-05,1
fpga_dcop_19,4,4.37558e-05,1
fpga_dcop_19,5,2.38149e-05,1
fpga_dcop_22,0,2.90384e-05,1
fpga_dcop_22,1,1.26759e-05,1
fpga_dcop_22,2,0.00010196,1
fpga_dcop_22,3,2.65336e-05,1
fpga_dcop_22,4,4.36671e-05,1
fpga_dcop_22,5,2.39142e-05,1
fpga_dcop_23,0,2.75098e-05,1
fpga_dcop_23,1,1.19457e-05,1
fpga_dcop_23,2,0.000102623,1
fpga_dcop_23,3,2.61695e-05,1
fpga_dcop_23,4,4.22672e-05,1
fpga_dcop_23,5,2.34802e-05,1
fpga_dcop_31,0,2.88032e-05,1
fpga_dcop_31,1,1.22112e-05,1
fpga_dcop_31,2,0.00010217,1
fpga_dcop_31,3,2.66491e-05,1
fpga_dcop_31,4,4.38555e-05,1
fpga_dcop_31,5,2.36997e-05,1
fpga_dcop_32,0,2.79606e-05,1
fpga_dcop_32,1,1.18365e-05,1
fpga_dcop_32,2,0.00010199,1
fpga_dcop_32,3,2.64457e-05,1
fpga_dcop_32,4,4.22471e-05,1
fpga_dcop_32,5,2.35679e-05,1
fpga_dcop_33,0,3.23918e-05,1
fpga_dcop_33,1,1.35283e-05,1
fpga_dcop_33,2,0.00010238,1
fpga_dcop_33,3,2.68595e-05,1
fpga_dcop_33,4,4.34686e-05,1
fpga_dcop_33,5,2.42273e-05,1
fpga_dcop_34,0,2.83352e-05,1
fpga_dcop_34,1,1.15732e-05,1
fpga_dcop_34,2,0.000102328,1
fpga_dcop_34,3,2.6708e-05,1
fpga_dcop_34,4,4.28054e-05,1
fpga_dcop_34,5,2.32246e-05,1
fpga_dcop_36,0,2.8675e-05,1
fpga_dcop_36,1,1.24243e-05,1
fpga_dcop_36,2,0.000101705,1
fpga_dcop_36,3,2.63481e-05,1
fpga_dcop_36,4,4.27207e-05,1
fpga_dcop_36,5,2.39961e-05,1
fpga_dcop_47,0,2.76927e-05,1
fpga_dcop_47,1,1.18728e-05,1
fpga_dcop_47,2,0.000102276,1
fpga_dcop_47,3,2.60233e-05,1
fpga_dcop_47,4,4.13269e-05,1
fpga_dcop_47,5,2.31174e-05,1
fpga_dcop_49,0,2.80702e-05,1
fpga_dcop_49,1,1.21383e-05,1
fpga_dcop_49,2,0.000102742,1
fpga_dcop_49,3,2.62135e-05,1
fpga_dcop_49,4,4.24852e-05,1
fpga_dcop_49,5,2.30031e-05,1
fpga_dcop_50,0,2.90484e-05,1
fpga_dcop_50,1,1.2742e-05,1
fpga_dcop_50,2,0.00010166,1
fpga_dcop_50,3,2.66657e-05,1
fpga_dcop_50,4,4.34404e-05,1
fpga_dcop_50,5,2.40466e-05,1
freeFlyingRobot_1,0,2.85868e-05,1
freeFlyingRobot_1,1,1.23948e-05,1
freeFlyingRobot_1,2,2.18376e-05,1
freeFlyingRobot_1,3,2.72722e-05,1
freeFlyingRobot_1,4,4.15393e-05,1
freeFlyingRobot_1,5,2.3147e-05,1
freeFlyingRobot_12,0,2.98743e-05,1
freeFlyingRobot_12,1,1.16452e-05,1
freeFlyingRobot_12,2,0.000512264,1
freeFlyingRobot_12,3,0.000177789,1
freeFlyingRobot_12,4,4.69504e-05,1
freeFlyingRobot_12,5,2.43914e-05,1
freeFlyingRobot_13,0,3.09231e-05,1
freeFlyingRobot_13,1,1.11215e-05,1
freeFlyingRobot_13,2,0.000535369,1
freeFlyingRobot_13,3,0.000199248,1
freeFlyingRobot_13,4,4.77143e-05,1
freeFlyingRobot_13,5,2.60886e-05,1
freeFlyingRobot_3,0,2.92797e-05,1
freeFlyingRobot_3,1,1.20388e-05,1
freeFlyingRobot_3,2,5.98178e-05,1
freeFlyingRobot_3,3,3.64959e-05,1
freeFlyingRobot_3,4,4.42396e-05,1
freeFlyingRobot_3,5,2.45194e-05,1
freeFlyingRobot_6,0,2.80583e-05,1
freeFlyingRobot_6,1,1.12176e-05,1
freeFlyingRobot_6,2,0.000197312,1
freeFlyingRobot_6,3,8.12692e-05,1
freeFlyingRobot_6,4,4.24853e-05,1
freeFlyingRobot_6,5,2.31953e-05,1
freeFlyingRobot_7,0,3.0593e-05,1
freeFlyingRobot_7,1,1.18115e-05,1
freeFlyingRobot_7,2,0.000260446,1
freeFlyingRobot_7,3,0.000101072,1
freeFlyingRobot_7,4,4.47881e-05,1
freeFlyingRobot_7,5,2.42743e-05,1
freeFlyingRobot_8,0,3.06011e-05,1
freeFlyingRobot_8,1,1.15829e-05,1
freeFlyingRobot_8,2,0.000324278,1
freeFlyingRobot_8,3,0.000124489,1
freeFlyingRobot_8,4,4.40674e-05,1
freeFlyingRobot_8,5,2.34107e-05,1
fs_183_6,0,3.27833e-05,1
fs_183_6,1,1.53797e-05,1
fs_183_6,2,2.71196e-05,1
fs_183_6,3,2.71795e-05,1
fs_183_6,4,4.37136e-05,1
fs_183_6,5,2.75228e-05,1
fs_541_1,0,2.82762e-05,1
fs_541_1,1,1.22912e-05,1
fs_541_1,2,4.81732e-05,1
fs_541_1,3,2.54917e-05,1
fs_541_1,4,4.038e-05,1
fs_541_1,5,2.4137e-05,1
fv2,0,3.17677e-05,1
fv2,1,1.36811e-05,1
fv2,2,1.53917e-05,1
fv2,3,3.79635e-05,1
fv2,4,5.17455e-05,1
fv2,5,2.69892e-05,1
fv3,0,3.25173e-05,1
fv3,1,1.34544e-05,1
fv3,2,1.49916e-05,1
fv3,3,3.87932e-05,1
fv3,4,5.30407e-05,1
fv3,5,2.66283e-05,1
G10,0,2.99592e-05,1
G10,1,1.27905e-05,1
G10,2,5.96002e-05,1
G10,3,2.99781e-05,1
G10,4,4.46997e-05,1
G10,5,2.44455e-05,1
G13,0,2.83748e-05,1
G13,1,1.1997e-05,1
G13,2,1.23097e-05,1
G13,3,2.63351e-05,1
G13,4,3.75749e-05,1
G13,5,2.42789e-05,1
G21,0,2.99525e-05,1
G21,1,1.21729e-05,1
G21,2,5.83241e-05,1
G21,3,2.82149e-05,1
G21,4,4.42843e-05,1
G21,5,2.34528e-05,1
G27,0,3.45604e-05,1
G27,1,1.83583e-05,1
G27,2,0.000333789,1
G27,3,3.3578e-05,1
G27,4,4.71944e-05,1
G27,5,3.03992e-05,1
G29,0,3.56056e-05,1
G29,1,1.92129e-05,1
G29,2,0.000332733,1
G29,3,3.50043e-05,1
G29,4,4.87927e-05,1
G29,5,3.34946e-05,1
G32,0,2.72049e-05,1
G32,1,1.21619e-05,1
G32,2,1.22015e-05,1
G32,3,2.55574e-05,1
G32,4,3.69342e-05,1
G32,5,2.39209e-05,1
G33,0,2.87176e-05,1
G33,1,1.22286e-05,1
G33,2,1.24515e-05,1
G33,3,2.55198e-05,1
G33,4,3.80036e-05,1
G33,5,2.39685e-05,1
G39,0,3.387e-05,1
G39,1,1.4886e-05,1
G39,2,0.000320428,1
G39,3,4.61679e-05,1
G39,4,4.80518e-05,1
G39,5,2.72304e-05,1
G40,0,3.20678e-05,1
G40,1,1.44215e-05,1
G40,2,0.000319074,1
G40,3,5.0085e-05,1
G40,4,4.6595e-05,1
G40,5,2.67154e-05,1
G41,0,3.29549e-05,1
G41,1,1.45002e-05,1
G41,2,0.000322007,1
G41,3,4.8809e-05,1
G41,4,4.77514e-05,1
G41,5,2.69335e-05,1
G42,0,3.25591e-05,1
G42,1,1.48246e-05,1
G42,2,0.000317783,1
G42,3,4.66789e-05,1
G42,4,4.71559e-05,1
G42,5,2.6933e-05,1
G6,0,2.99403e-05,1
G6,1,1.28882e-05,1
G6,2,0.000104482,1
G6,3,2.9984e-05,1
G6,4,4.37669e-05,1
G6,5,2.47479e-05,1
G67,0,2.92526e-05,1
G67,1,1.31318e-05,1
G67,2,1.46148e-05,1
G67,3,3.90094e-05,1
G67,4,5.15333e-05,1
G67,5,2.60509e-05,1
g7jac010,0,2.87817e-05,1
g7jac010,1,1.24531e-05,1
g7jac010,2,0.00015465,1
g7jac010,3,0.000116941,1
g7jac010,4,4.34836e-05,1
g7jac010,5,2.41041e-05,1
g7jac010sc,0,2.87464e-05,1
g7jac010sc,1,1.21172e-05,1
g7jac010sc,2,0.000154906,1
g7jac010sc,3,0.000118335,1
g7jac010sc,4,4.5197e-05,1
g7jac010sc,5,2.4492e-05,1
g7jac020sc,0,3.03285e-05,1
g7jac020sc,1,1.15519e-05,1
g7jac020sc,2,0.00048377,1
g7jac020sc,3,0.000415493,1
g7jac020sc,4,4.95019e-05,1
g7jac020sc,5,2.48362e-05,1
g7jac040sc,0,3.55644e-05,1
g7jac040sc,1,1.42695e-05,1
g7jac040sc,2,0.00354549,1
g7jac040sc,3,0.00624718,1
g7jac040sc,4,6.23697e-05,1
g7jac040sc,5,2.78062e-05,1
g7jac080,0,5.05383e-05,1
g7jac080,1,2.28333e-05,1
g7jac080,2,0.0109805,1
g7jac080,3,inf,1
g7jac080,4,9.01752e-05,1
g7jac080,5,3.40014e-05,1
g7jac080sc,0,5.19299e-05,1
g7jac080sc,1,2.28746e-05,1
g7jac080sc,2,0.0109956,1
g7jac080sc,3,inf,1
g7jac080sc,4,9.14155e-05,1
g7jac080sc,5,3.49073e-05,1
g7jac120sc,0,6.94853e-05,1
g7jac120sc,1,3.33757e-05,1
g7jac120sc,2,inf,1
g7jac120sc,3,0.000236544,1
g7jac120sc,4,0.000121051,1
g7jac120sc,5,4.60532e-05,1
G8,0,2.95921e-05,1
G8,1,1.24782e-05,1
G8,2,5.9315e-05,1
G8,3,2.90882e-05,1
G8,4,4.30335e-05,1
G8,5,2.42149e-05,1
garon1,0,3.37488e-05,1
garon1,1,1.3399e-05,1
garon1,2,0.000579675,1
garon1,3,0.000437597,1
garon1,4,4.64684e-05,1
garon1,5,2.60455e-05,1
GD00_c,0,2.79097e-05,1
GD00_c,1,1.1817e-05,1
GD00_c,2,2.47946e-05,1
GD00_c,3,2.56284e-05,1
GD00_c,4,4.18961e-05,1
GD00_c,5,2.32782e-05,1
GD96_a,0,2.74144e-05,1
GD96_a,1,1.23236e-05,1
GD96_a,2,8.70802e-05,1
GD96_a,3,2.50558e-05,1
GD96_a,4,4.10159e-05,1
GD96_a,5,2.32651e-05,1
GD97_b,0,3.08002e-05,2
GD97_b,1,1.34867e-05,2
GD97_b,2,1.23394e-05,2
GD97_b,3,2.47534e-05,2
GD97_b,4,4.08037e-05,2
GD97_b,5,2.63762e-05,2
GD97_c,0,2.95354e-05,1
GD97_c,1,1.19165e-05,1
GD97_c,2,1.47788e-05,1
GD97_c,3,2.509e-05,1
GD97_c,4,4.2477e-05,1
GD97_c,5,2.37027e-05,1
goddardRocketProblem_2,0,2.95125e-05,1
goddardRocketProblem_2,1,1.20241e-05,1
goddardRocketProblem_2,2,4.27776e-05,1
goddardRocketProblem_2,3,3.10594e-05,1
goddardRocketProblem_2,4,4.40977e-05,1
goddardRocketProblem_2,5,2.36563e-05,1
Goodwin_010,0,3.06897e-05,1
Goodwin_010,1,1.18314e-05,1
Goodwin_010,2,2.46782e-05,1
Goodwin_010,3,2.70292e-05,1
Goodwin_010,4,4.31912e-05,1
Goodwin_010,5,2.41792e-05,1
gre_1107,0,2.75329e-05,1
gre_1107,1,1.21697e-05,1
gre_1107,2,3.7111e-05,1
gre_1107,3,2.56736e-05,1
gre_1107,4,4.10977e-05,1
gre_1107,5,2.30217e-05,1
gre_216b,0,2.8837e-05,1
gre_216b,1,1.17662e-05,1
gre_216b,2,1.23456e-05,1
gre_216b,3,2.44811e-05,1
gre_216b,4,4.23374e-05,1
gre_216b,5,2.41888e-05,1
gre_343,0,2.80703e-05,1
gre_343,1,1.20207e-05,1
gre_343,2,1.23014e-05,1
gre_343,3,2.55238e-05,1
gre_343,4,4.19749e-05,1
gre_343,5,2.37721e-05,1
hangGlider_2,0,2.93705e-05,1
hangGlider_2,1,1.20833e-05,1
hangGlider_2,2,0.000170335,1
hangGlider_2,3,8.1274e-05,1
hangGlider_2,4,4.29159e-05,1
hangGlider_2,5,2.39705e-05,1
hi2010,0,3.28852e-05,1
hi2010,1,1.55925e-05,1
hi2010,2,inf,1
hi2010,3,0.000125399,1
hi2010,4,7.84816e-05,1
hi2010,5,2.84265e-05,1
hvdc1,0,3.69662e-05,1
hvdc1,1,1.84343e-05,1
hvdc1,2,inf,1
hvdc1,3,0.000171525,1
hvdc1,4,8.20155e-05,1
hvdc1,5,3.24403e-05,1
hydr1,0,2.8267e-05,1
hydr1,1,1.23619e-05,1
hydr1,2,0.00352493,1
hydr1,3,0.000155591,1
hydr1,4,4.58785e-05,1
hydr1,5,2.43397e-05,1
hydr1c,0,2.8907e-05,1
hydr1c,1,1.22315e-05,1
hydr1c,2,0.00351014,1
hydr1c,3,0.000167843,1
hydr1c,4,4.65761e-05,1
hydr1c,5,2.35669e-05,1
Ill_Stokes,0,3.97695e-05,1
Ill_Stokes,1,1.81526e-05,1
Ill_Stokes,2,inf,1
Ill_Stokes,3,6.16818e-05,1
Ill_Stokes,4,7.73784e-05,1
Ill_Stokes,5,3.25264e-05,1
impcol_c,0,2.99612e-05,1
impcol_c,1,1.16744e-05,1
impcol_c,2,1.19367e-05,1
impcol_c,3,2.34417e-05,1
impcol_c,4,4.18803e-05,1
impcol_c,5,2.43715e-05,1
impcol_e,0,2.89058e-05,1
impcol_e,1,1.2299e-05,1
impcol_e,2,2.52522e-05,1
impcol_e,3,2.4805e-05,1
impcol_e,4,4.22822e-05,1
impcol_e,5,2.42617e-05,1
iprob,0,3.00343e-05,1
iprob,1,1.28316e-05,1
iprob,2,0.000729999,1
iprob,3,0.000254271,1
iprob,4,4.63991e-05,1
iprob,5,2.50729e-05,1
iris_dataset_30NN,0,3.03029e-05,1
iris_dataset_30NN,1,1.31905e-05,1
iris_dataset_30NN,2,1.33722e-05,1
iris_dataset_30NN,3,2.61744e-05,1
iris_dataset_30NN,4,4.39402e-05,1
iris_dataset_30NN,5,2.52856e-05,1
jan99jac040sc,0,3.17454e-05,1
jan99jac040sc,1,1.38674e-05,1
jan99jac040sc,2,0.00548994,1
jan99jac040sc,3,inf,1
jan99jac040sc,4,6.11995e-05,1
jan99jac040sc,5,2.56192e-05,1
jan99jac060,0,3.44176e-05,1
jan99jac060,1,1.53068e-05,1
jan99jac060,2,0.00866107,1
jan99jac060,3,inf,1
jan99jac060,4,7.29481e-05,1
jan99jac060,5,2.99387e-05,1
jan99jac060sc,0,3.53008e-05,1
jan99jac060sc,1,1.60547e-05,1
jan99jac060sc,2,0.0086736,1
jan99jac060sc,3,inf,1
jan99jac060sc,4,7.34465e-05,1
jan99jac060sc,5,2.83488e-05,1
jan99jac120,0,4.33528e-05,1
jan99jac120,1,2.07373e-05,1
jan99jac120,2,inf,1
jan99jac120,3,0.000169749,1
jan99jac120,4,0.000110058,1
jan99jac120,5,3.54138e-05,1
jan99jac120sc,0,4.39961e-05,1
jan99jac120sc,1,2.08229e-05,1
jan99jac120sc,2,inf,1
jan99jac120sc,3,0.000164685,1
jan99jac120sc,4,0.000109709,1
jan99jac120sc,5,3.46944e-05,1
jazz,0,3.92296e-05,1
jazz,1,1.96438e-05,1
jazz,2,2.49066e-05,1
jazz,3,3.43301e-05,1
jazz,4,5.22844e-05,1
jazz,5,3.47912e-05,1
jnlbrng1,0,3.60087e-05,1
jnlbrng1,1,1.72977e-05,1
jnlbrng1,2,2.04864e-05,1
jnlbrng1,3,8.95441e-05,1
jnlbrng1,4,0.000101263,1
jnlbrng1,5,3.41866e-05,1
Journals,0,2.98097e-05,1
Journals,1,1.29055e-05,1
Journals,2,3.11541e-05,1
Journals,3,2.5238e-05,1
Journals,4,4.41519e-05,1
Journals,5,2.99002e-05,1
jpwh_991,0,2.78661e-05,1
jpwh_991,1,1.15156e-05,1
jpwh_991,2,2.57002e-05,1
jpwh_991,3,2.59367e-05,1
jpwh_991,4,4.19755e-05,1
jpwh_991,5,2.29791e-05,1
kineticBatchReactor_5,0,3.33163e-05,1
kineticBatchReactor_5,1,2.0319e-05,1
kineticBatchReactor_5,2,0.00591874,1
kineticBatchReactor_5,3,0.000569811,1
kineticBatchReactor_5,4,5.20071e-05,1
kineticBatchReactor_5,5,3.27688e-05,1
kineticBatchReactor_9,0,3.25813e-05,1
kineticBatchReactor_9,1,2.11857e-05,1
kineticBatchReactor_9,2,0.00666663,1
kineticBatchReactor_9,3,0.000621817,1
kineticBatchReactor_9,4,5.1254e-05,1
kineticBatchReactor_9,5,3.29885e-05,1
Lederberg,0,3.21363e-05,1
Lederberg,1,1.80255e-05,1
Lederberg,2,0.00483546,1
Lederberg,3,0.000294801,1
Lederberg,4,5.35635e-05,1
Lederberg,5,3.11064e-05,1
LeGresley_2508,0,2.90196e-05,1
LeGresley_2508,1,1.22739e-05,1
LeGresley_2508,2,9.28348e-05,1
LeGresley_2508,3,2.68693e-05,1
LeGresley_2508,4,4.31685e-05,1
LeGresley_2508,5,2.39765e-05,1
lhr01,0,2.9636e-05,1
lhr01,1,1.16597e-05,1
lhr01,2,9.79555e-05,1
lhr01,3,3.04427e-05,1
lhr01,4,4.22585e-05,1
lhr01,5,2.3164e-05,1
lhr02,0,3.1427e-05,1
lhr02,1,1.23721e-05,1
lhr02,2,0.000193234,1
lhr02,3,4.95826e-05,1
lhr02,4,4.58443e-05,1
lhr02,5,2.42472e-05,1
lhr07,0,4.2362e-05,1
lhr07,1,1.71207e-05,1
lhr07,2,0.00454282,1
lhr07,3,0.000391481,1
lhr07,4,5.68711e-05,1
lhr07,5,2.88231e-05,1
lhr10,0,4.8712e-05,1
lhr10,1,1.9836e-05,1
lhr10,2,0.00951384,1
lhr10,3,0.00325814,1
lhr10,4,6.54661e-05,1
lhr10,5,3.19159e-05,1
lhr10c,0,5.00512e-05,1
lhr10c,1,2.0641e-05,1
lhr10c,2,0.00949767,1
lhr10c,3,6.42883e-05,1
lhr10c,4,6.83472e-05,1
lhr10c,5,3.33756e-05,1
lhr11,0,4.97219e-05,1
lhr11,1,2.01757e-05,1
lhr11,2,0.0100187,1
lhr11,3,0.000619108,1
lhr11,4,6.71965e-05,1
lhr11,5,3.26154e-05,1
linverse,0,3.22173e-05,1
linverse,1,1.37041e-05,1
linverse,2,1.61147e-05,1
linverse,3,4.36563e-05,1
linverse,4,5.91137e-05,1
linverse,5,2.8119e-05,1
lns_131,0,2.9443e-05,1
lns_131,1,1.385e-05,1
lns_131,2,1.97634e-05,1
lns_131,3,2.34395e-05,1
lns_131,4,4.11033e-05,1
lns_131,5,2.38521e-05,1
lns_511,0,2.84045e-05,1
lns_511,1,1.18539e-05,1
lns_511,2,1.32939e-05,1
lns_511,3,2.41542e-05,1
lns_511,4,4.12958e-05,1
lns_511,5,2.37386e-05,1
lnsp_511,0,2.92919e-05,1
lnsp_511,1,1.14655e-05,1
lnsp_511,2,1.25335e-05,1
lnsp_511,3,2.44434e-05,1
lnsp_511,4,4.05237e-05,1
lnsp_511,5,2.36449e-05,1
lowThrust_11,0,3.91395e-05,0
lowThrust_11,1,3.91659e-05,0
lowThrust_11,2,inf,0
lowThrust_11,3,inf,0
lowThrust_11,4,7.08074e-05,0
lowThrust_11,5,5.23031e-05,0
lowThrust_13,0,4.00619e-05,1
lowThrust_13,1,3.97096e-05,1
lowThrust_13,2,inf,1
lowThrust_13,3,inf,1
lowThrust_13,4,7.01245e-05,1
lowThrust_13,5,5.30816e-05,1
lowThrust_3,0,3.19055e-05,1
lowThrust_3,1,1.9645e-05,1
lowThrust_3,2,0.00472357,1
lowThrust_3,3,0.000501243,1
lowThrust_3,4,4.95367e-05,1
lowThrust_3,5,3.23302e-05,1
lowThrust_5,0,3.90297e-05,1
lowThrust_5,1,3.55153e-05,1
lowThrust_5,2,inf,1
lowThrust_5,3,inf,1
lowThrust_5,4,6.72171e-05,1
lowThrust_5,5,4.85198e-05,1
lowThrust_6,0,3.87725e-05,1
lowThrust_6,1,3.66277e-05,1
lowThrust_6,2,inf,1
lowThrust_6,3,inf,1
lowThrust_6,4,6.72244e-05,1
lowThrust_6,5,5.00852e-05,1
lund_b,0,3.15157e-05,1
lund_b,1,1.3661e-05,1
lund_b,2,1.46855e-05,1
lund_b,3,2.74549e-05,1
lund_b,4,4.4213e-05,1
lund_b,5,2.65728e-05,1
lung2,0,5.5945e-05,1
lung2,1,2.98129e-05,1
lung2,2,inf,1
lung2,3,0.000198752,1
lung2,4,0.000208882,1
lung2,5,4.92134e-05,1
M10PI_n1,0,2.93552e-05,1
M10PI_n1,1,1.18641e-05,1
M10PI_n1,2,3.78629e-05,1
M10PI_n1,3,2.5059e-05,1
M10PI_n1,4,4.49827e-05,1
M10PI_n1,5,2.395e-05,1
M20PI_n,0,2.80134e-05,1
M20PI_n,1,1.15075e-05,1
M20PI_n,2,2.02939e-05,1
M20PI_n,3,2.62042e-05,1
M20PI_n,4,4.19234e-05,1
M20PI_n,5,2.35619e-05,1
M20PI_n1,0,2.75728e-05,1
M20PI_n1,1,1.19494e-05,1
M20PI_n1,2,1.54552e-05,1
M20PI_n1,3,2.58688e-05,1
M20PI_n1,4,4.02134e-05,1
M20PI_n1,5,2.3799e-05,1
M80PI_n1,0,2.78028e-05,1
M80PI_n1,1,1.24012e-05,1
M80PI_n1,2,2.99561e-05,1
M80PI_n1,3,2.78299e-05,1
M80PI_n1,4,4.38519e-05,1
M80PI_n1,5,2.44457e-05,1
mario001,0,3.9776e-05,1
mario001,1,1.95459e-05,1
mario001,2,inf,1
mario001,3,9.44843e-05,1
mario001,4,0.000101699,1
mario001,5,3.29243e-05,1
mark3jac100,0,4.45086e-05,1
mark3jac100,1,2.12115e-05,1
mark3jac100,2,0.00440636,1
mark3jac100,3,inf,1
mark3jac100,4,0.000119216,1
mark3jac100,5,3.62397e-05,1
mark3jac100sc,0,4.43015e-05,1
mark3jac100sc,1,2.29692e-05,1
mark3jac100sc,2,0.00443032,1
mark3jac100sc,3,inf,1
mark3jac100sc,4,0.000119256,1
mark3jac100sc,5,3.72467e-05,1
mbeacxc,0,3.43988e-05,1
mbeacxc,1,1.70992e-05,1
mbeacxc,2,2.89888e-05,1
mbeacxc,3,4.17399e-05,1
mbeacxc,4,4.54331e-05,1
mbeacxc,5,2.88004e-05,1
meg1,0,3.18617e-05,1
meg1,1,1.38993e-05,1
meg1,2,0.000460274,1
meg1,3,6.11609e-05,1
meg1,4,4.66451e-05,1
meg1,5,2.58298e-05,1
mesh1em1,0,3.0462e-05,1
mesh1em1,1,1.21955e-05,1
mesh1em1,2,1.26086e-05,1
mesh1em1,3,2.42446e-05,1
mesh1em1,4,4.06181e-05,1
mesh1em1,5,2.53332e-05,1
mesh2e1,0,2.90992e-05,1
mesh2e1,1,1.17399e-05,1
mesh2e1,2,5.08536e-05,1
mesh2e1,3,2.44472e-05,1
mesh2e1,4,4.29666e-05,1
mesh2e1,5,2.35934e-05,1
mesh3e1,0,2.94997e-05,1
mesh3e1,1,1.17035e-05,1
mesh3e1,2,1.42645e-05,1
mesh3e1,3,2.67647e-05,1
mesh3e1,4,4.33943e-05,1
mesh3e1,5,2.38112e-05,1
mesh3em5,0,2.96681e-05,1
mesh3em5,1,1.16562e-05,1
mesh3em5,2,1.38454e-05,1
mesh3em5,3,2.81071e-05,1
mesh3em5,4,4.30467e-05,1
mesh3em5,5,2.39714e-05,1
mhd3200a,0,3.23537e-05,1
mhd3200a,1,1.40345e-05,1
mhd3200a,2,2.08698e-05,1
mhd3200a,3,3.48739e-05,1
mhd3200a,4,4.65009e-05,1
mhd3200a,5,2.62335e-05,1
mhd4800a,0,3.4782e-05,1
mhd4800a,1,1.51952e-05,1
mhd4800a,2,2.58508e-05,1
mhd4800a,3,4.07527e-05,1
mhd4800a,4,4.92275e-05,1
mhd4800a,5,2.85682e-05,1
mhd4800b,0,2.80551e-05,1
mhd4800b,1,1.26046e-05,1
mhd4800b,2,1.5586e-05,1
mhd4800b,3,2.96066e-05,1
mhd4800b,4,4.43637e-05,1
mhd4800b,5,2.47527e-05,1
mhdb416,0,2.92251e-05,1
mhdb416,1,1.17383e-05,1
mhdb416,2,1.20576e-05,1
mhdb416,3,2.46843e-05,1
mhdb416,4,4.0872e-05,1
mhdb416,5,2.29344e-05,1
mice_10NN,0,2.85206e-05,1
mice_10NN,1,1.24698e-05,1
mice_10NN,2,5.66625e-05,1
mice_10NN,3,2.6536e-05,1
mice_10NN,4,4.18393e-05,1
mice_10NN,5,2.47257e-05,1
mimo8x8_system,0,3.00779e-05,1
mimo8x8_system,1,1.42298e-05,1
mimo8x8_system,2,0.0107049,1
mimo8x8_system,3,4.53118e-05,1
mimo8x8_system,4,5.81975e-05,1
mimo8x8_system,5,2.68959e-05,1
mult_dcop_01,0,4.20157e-05,0
mult_dcop_01,1,6.57397e-05,0
mult_dcop_01,2,inf,0
mult_dcop_01,3,inf,0
mult_dcop_01,4,8.7427e-05,0
mult_dcop_01,5,7.88333e-05,0
mult_dcop_02,0,4.10638e-05,0
mult_dcop_02,1,6.58305e-05,0
mult_dcop_02,2,inf,0
mult_dcop_02,3,inf,0
mult_dcop_02,4,8.77997e-05,0
mult_dcop_02,5,7.89199e-05,0
n3c6-b1,0,3.17168e-05,1
n3c6-b1,1,1.31431e-05,1
n3c6-b1,2,1.88907e-05,1
n3c6-b1,3,2.40279e-05,1
n3c6-b1,4,3.65231e-05,1
n3c6-b1,5,2.7167e-05,1
n3c6-b7,0,3.03056e-05,1
n3c6-b7,1,1.28556e-05,1
n3c6-b7,2,0.00589106,1
n3c6-b7,3,3.39734e-05,1
n3c6-b7,4,4.55433e-05,1
n3c6-b7,5,2.54002e-05,1
Na5,0,5.63049e-05,1
Na5,1,3.01971e-05,1
Na5,2,0.00305005,1
Na5,3,9.91254e-05,1
Na5,4,7.78324e-05,1
Na5,5,4.32845e-05,1
nasa1824,0,3.17855e-05,1
nasa1824,1,1.33978e-05,1
nasa1824,2,5.17264e-05,1
nasa1824,3,2.83059e-05,1
nasa1824,4,4.41857e-05,1
nasa1824,5,2.47327e-05,1
nasa2146,0,3.08387e-05,1
nasa2146,1,1.28926e-05,1
nasa2146,2,1.46536e-05,1
nasa2146,3,3.18723e-05,1
nasa2146,4,4.67786e-05,1
nasa2146,5,2.57852e-05,1
ncvxbqp1,0,4.9285e-05,1
ncvxbqp1,1,2.44761e-05,1
ncvxbqp1,2,inf,1
ncvxbqp1,3,0.000104898,1
ncvxbqp1,4,0.000126856,1
ncvxbqp1,5,3.72267e-05,1
nemeth03,0,6.27982e-05,1
nemeth03,1,2.66471e-05,1
nemeth03,2,5.38706e-05,1
nemeth03,3,7.54979e-05,1
nemeth03,4,8.9108e-05,1
nemeth03,5,4.547e-05,1
nemeth07,0,6.33803e-05,1
nemeth07,1,2.67393e-05,1
nemeth07,2,5.41356e-05,1
nemeth07,3,7.53712e-05,1
nemeth07,4,8.87537e-05,1
nemeth07,5,4.4275e-05,1
nemeth09,0,6.2935e-05,1
nemeth09,1,2.66353e-05,1
nemeth09,2,5.34695e-05,1
nemeth09,3,7.60123e-05,1
nemeth09,4,8.87855e-05,1
nemeth09,5,4.5071e-05,1
nemeth10,0,6.28348e-05,1
nemeth10,1,2.69436e-05,1
nemeth10,2,5.67619e-05,1
nemeth10,3,7.57452e-05,1
nemeth10,4,8.87089e-05,1
nemeth10,5,4.42507e-05,1
nemeth11,0,6.42479e-05,1
nemeth11,1,2.66649e-05,1
nemeth11,2,5.5133e-05,1
nemeth11,3,7.49433e-05,1
nemeth11,4,8.91225e-05,1
nemeth11,5,4.44772e-05,1
nemeth13,0,7.29392e-05,1
nemeth13,1,3.04654e-05,1
nemeth13,2,5.54172e-05,1
nemeth13,3,8.02385e-05,1
nemeth13,4,9.45469e-05,1
nemeth13,5,5.08338e-05,1
nemeth14,0,7.68743e-05,1
nemeth14,1,3.18503e-05,1
nemeth14,2,5.7628e-05,1
nemeth14,3,8.22798e-05,1
nemeth14,4,9.72021e-05,1
nemeth14,5,5.14891e-05,1
nh2010,0,4.23286e-05,1
nh2010,1,2.40568e-05,1
nh2010,2,inf,1
nh2010,3,0.000184857,1
nh2010,4,0.000118452,1
nh2010,5,3.79978e-05,1
nmos3,0,5.64929e-05,1
nmos3,1,2.73429e-05,1
nmos3,2,inf,1
nmos3,3,9.89185e-05,1
nmos3,4,8.01625e-05,1
nmos3,5,3.8293e-05,1
nnc261,0,2.79283e-05,1
nnc261,1,1.16081e-05,1
nnc261,2,3.98054e-05,1
nnc261,3,2.42969e-05,1
nnc261,4,4.05478e-05,1
nnc261,5,2.39964e-05,1
nopoly,0,2.97385e-05,1
nopoly,1,1.14364e-05,1
nopoly,2,inf,1
nopoly,3,3.94301e-05,1
nopoly,4,5.34821e-05,1
nopoly,5,2.49942e-05,1
nos2,0,2.85573e-05,2
nos2,1,1.2287e-05,2
nos2,2,1.20321e-05,2
nos2,3,2.60333e-05,2
nos2,4,4.26972e-05,2
nos2,5,2.34675e-05,2
nos3,0,2.85282e-05,1
nos3,1,1.19622e-05,1
nos3,2,1.24283e-05,1
nos3,3,2.6646e-05,1
nos3,4,4.18556e-05,1
nos3,5,2.35028e-05,1
nos5,0,2.89464e-05,1
nos5,1,1.19478e-05,1
nos5,2,4.39526e-05,1
nos5,3,2.47184e-05,1
nos5,4,4.25804e-05,1
nos5,5,2.42444e-05,1
nos7,0,2.88034e-05,1
nos7,1,1.16116e-05,1
nos7,2,1.18334e-05,1
nos7,3,2.6248e-05,1
nos7,4,4.28397e-05,1
nos7,5,2.38992e-05,1
olm500,0,2.99393e-05,1
olm500,1,1.15329e-05,1
olm500,2,1.17043e-05,1
olm500,3,2.50401e-05,1
olm500,4,4.1084e-05,1
olm500,5,2.36295e-05,1
onetone1,0,5.48281e-05,1
onetone1,1,2.44542e-05,1
onetone1,2,0.0122487,1
onetone1,3,inf,1
onetone1,4,0.000110378,1
onetone1,5,4.01998e-05,1
onetone2,0,3.98382e-05,1
onetone2,1,1.92555e-05,1
onetone2,2,0.0059115,1
onetone2,3,inf,1
onetone2,4,0.000101565,1
onetone2,5,3.65989e-05,1
OPF_10000,0,6.77743e-05,1
OPF_10000,1,5.7884e-05,1
OPF_10000,2,inf,1
OPF_10000,3,0.000200794,1
OPF_10000,4,0.000126564,1
OPF_10000,5,7.32953e-05,1
OPF_6000,0,4.92694e-05,1
OPF_6000,1,3.84207e-05,1
OPF_6000,2,inf,1
OPF_6000,3,0.000169718,1
OPF_6000,4,9.52675e-05,1
OPF_6000,5,5.2678e-05,1
orbitRaising_1,0,2.74571e-05,1
orbitRaising_1,1,1.18057e-05,1
orbitRaising_1,2,1.32822e-05,1
orbitRaising_1,3,2.44509e-05,1
orbitRaising_1,4,3.99603e-05,1
orbitRaising_1,5,2.30275e-05,1
oscil_dcop_01,0,2.86595e-05,1
oscil_dcop_01,1,1.15649e-05,1
oscil_dcop_01,2,1.59807e-05,1
oscil_dcop_01,3,2.41282e-05,1
oscil_dcop_01,4,4.39053e-05,1
oscil_dcop_01,5,2.32323e-05,1
oscil_dcop_05,0,2.75817e-05,1
oscil_dcop_05,1,1.17231e-05,1
oscil_dcop_05,2,1.56048e-05,1
oscil_dcop_05,3,2.33623e-05,1
oscil_dcop_05,4,4.15319e-05,1
oscil_dcop_05,5,2.27784e-05,1
oscil_dcop_07,0,2.74109e-05,1
oscil_dcop_07,1,1.12722e-05,1
oscil_dcop_07,2,1.57278e-05,1
oscil_dcop_07,3,2.33782e-05,1
oscil_dcop_07,4,4.11299e-05,1
oscil_dcop_07,5,2.25804e-05,1
oscil_dcop_08,0,2.78826e-05,1
oscil_dcop_08,1,1.15397e-05,1
oscil_dcop_08,2,1.6012e-05,1
oscil_dcop_08,3,2.335e-05,1
oscil_dcop_08,4,4.19357e-05,1
oscil_dcop_08,5,2.25554e-05,1
oscil_dcop_09,0,2.90725e-05,1
oscil_dcop_09,1,1.18745e-05,1
oscil_dcop_09,2,1.64417e-05,1
oscil_dcop_09,3,2.47266e-05,1
oscil_dcop_09,4,4.20953e-05,1
oscil_dcop_09,5,2.31403e-05,1
oscil_dcop_12,0,2.84885e-05,1
oscil_dcop_12,1,1.24371e-05,1
oscil_dcop_12,2,1.62102e-05,1
oscil_dcop_12,3,2.38814e-05,1
oscil_dcop_12,4,4.28712e-05,1
oscil_dcop_12,5,2.343e-05,1
oscil_dcop_13,0,2.76556e-05,1
oscil_dcop_13,1,1.12802e-05,1
oscil_dcop_13,2,1.56167e-05,1
oscil_dcop_13,3,2.38717e-05,1
oscil_dcop_13,4,4.16024e-05,1
oscil_dcop_13,5,2.24551e-05,1
oscil_dcop_18,0,2.81042e-05,1
oscil_dcop_18,1,1.15281e-05,1
oscil_dcop_18,2,1.5986e-05,1
oscil_dcop_18,3,2.45139e-05,1
oscil_dcop_18,4,4.08439e-05,1
oscil_dcop_18,5,2.31246e-05,1
oscil_dcop_22,0,2.95562e-05,1
oscil_dcop_22,1,1.18243e-05,1
oscil_dcop_22,2,1.62386e-05,1
oscil_dcop_22,3,2.44964e-05,1
oscil_dcop_22,4,4.45301e-05,1
oscil_dcop_22,5,2.35763e-05,1
oscil_dcop_27,0,2.88572e-05,1
oscil_dcop_27,1,1.15197e-05,1
oscil_dcop_27,2,1.60987e-05,1
oscil_dcop_27,3,2.42129e-05,1
oscil_dcop_27,4,4.12861e-05,1
oscil_dcop_27,5,2.27834e-05,1
oscil_dcop_28,0,2.85475e-05,1
oscil_dcop_28,1,1.23376e-05,1
oscil_dcop_28,2,1.63183e-05,1
oscil_dcop_28,3,2.43521e-05,1
oscil_dcop_28,4,4.14019e-05,1
oscil_dcop_28,5,2.32142e-05,1
oscil_dcop_30,0,2.8509e-05,1
oscil_dcop_30,1,1.1495e-05,1
oscil_dcop_30,2,1.60778e-05,1
oscil_dcop_30,3,2.4668e-05,1
oscil_dcop_30,4,4.16839e-05,1
oscil_dcop_30,5,2.2832e-05,1
oscil_dcop_33,0,2.69615e-05,1
oscil_dcop_33,1,1.14699e-05,1
oscil_dcop_33,2,1.5831e-05,1
oscil_dcop_33,3,2.4233e-05,1
oscil_dcop_33,4,3.98484e-05,1
oscil_dcop_33,5,2.26912e-05,1
oscil_dcop_35,0,2.8684e-05,1
oscil_dcop_35,1,1.21705e-05,1
oscil_dcop_35,2,1.6193e-05,1
oscil_dcop_35,3,2.40331e-05,1
oscil_dcop_35,4,4.30643e-05,1
oscil_dcop_35,5,2.29216e-05,1
oscil_dcop_36,0,2.8266e-05,1
oscil_dcop_36,1,1.1703e-05,1
oscil_dcop_36,2,1.62644e-05,1
oscil_dcop_36,3,2.39312e-05,1
oscil_dcop_36,4,4.26257e-05,1
oscil_dcop_36,5,2.29903e-05,1
oscil_dcop_37,0,2.85012e-05,1
oscil_dcop_37,1,1.13954e-05,1
oscil_dcop_37,2,1.63094e-05,1
oscil_dcop_37,3,2.45927e-05,1
oscil_dcop_37,4,4.18137e-05,1
oscil_dcop_37,5,2.32749e-05,1
oscil_dcop_41,0,2.76529e-05,1
oscil_dcop_41,1,1.15254e-05,1
oscil_dcop_41,2,1.59655e-05,1
oscil_dcop_41,3,2.39891e-05,1
oscil_dcop_41,4,3.9956e-05,1
oscil_dcop_41,5,2.25332e-05,1
oscil_dcop_42,0,2.7798e-05,1
oscil_dcop_42,1,1.15355e-05,1
oscil_dcop_42,2,1.58145e-05,1
oscil_dcop_42,3,2.31888e-05,1
oscil_dcop_42,4,4.12842e-05,1
oscil_dcop_42,5,2.28625e-05,1
oscil_dcop_43,0,2.86783e-05,1
oscil_dcop_43,1,1.16239e-05,1
oscil_dcop_43,2,1.64181e-05,1
oscil_dcop_43,3,2.44932e-05,1
oscil_dcop_43,4,4.19234e-05,1
oscil_dcop_43,5,2.3372e-05,1
oscil_dcop_46,0,2.9067e-05,1
oscil_dcop_46,1,1.17599e-05,1
oscil_dcop_46,2,1.67074e-05,1
oscil_dcop_46,3,2.46365e-05,1
oscil_dcop_46,4,4.36762e-05,1
oscil_dcop_46,5,2.32369e-05,1
oscil_dcop_47,0,2.76772e-05,1
oscil_dcop_47,1,1.12878e-05,1
oscil_dcop_47,2,1.5971e-05,1
oscil_dcop_47,3,2.42261e-05,1
oscil_dcop_47,4,4.06167e-05,1
oscil_dcop_47,5,2.28776e-05,1
oscil_dcop_49,0,2.75713e-05,1
oscil_dcop_49,1,1.13837e-05,1
oscil_dcop_49,2,1.61546e-05,1
oscil_dcop_49,3,2.43812e-05,1
oscil_dcop_49,4,4.05326e-05,1
oscil_dcop_49,5,2.25377e-05,1
oscil_dcop_52,0,2.79392e-05,1
oscil_dcop_52,1,1.15003e-05,1
oscil_dcop_52,2,1.60554e-05,1
oscil_dcop_52,3,2.39659e-05,1
oscil_dcop_52,4,4.07805e-05,1
oscil_dcop_52,5,2.28451e-05,1
oscil_dcop_53,0,2.93113e-05,1
oscil_dcop_53,1,1.20352e-05,1
oscil_dcop_53,2,1.63669e-05,1
oscil_dcop_53,3,2.44562e-05,1
oscil_dcop_53,4,4.40947e-05,1
oscil_dcop_53,5,2.37818e-05,1
oscil_dcop_54,0,2.74125e-05,1
oscil_dcop_54,1,1.13855e-05,1
oscil_dcop_54,2,1.5816e-05,1
oscil_dcop_54,3,2.37548e-05,1
oscil_dcop_54,4,4.12565e-05,1
oscil_dcop_54,5,2.24804e-05,1
oscil_dcop_56,0,2.70167e-05,1
oscil_dcop_56,1,1.10755e-05,1
oscil_dcop_56,2,1.58596e-05,1
oscil_dcop_56,3,2.38378e-05,1
oscil_dcop_56,4,3.97371e-05,1
oscil_dcop_56,5,2.22903e-05,1
plat1919,0,3.08173e-05,1
plat1919,1,1.31193e-05,1
plat1919,2,4.97845e-05,1
plat1919,3,2.77217e-05,1
plat1919,4,4.50752e-05,1
plat1919,5,2.53958e-05,1
polblogs,0,2.93831e-05,1
polblogs,1,1.25052e-05,1
polblogs,2,0.000174496,1
polblogs,3,3.32834e-05,1
polblogs,4,4.17535e-05,1
polblogs,5,2.45056e-05,1
poli3,0,2.87439e-05,1
poli3,1,1.292e-05,1
poli3,2,inf,1
poli3,3,0.00017041,1
poli3,4,6.28668e-05,1
poli3,5,2.57532e-05,1
poli4,0,3.29338e-05,1
poli4,1,2.48601e-05,1
poli4,2,inf,1
poli4,3,0.000325322,1
poli4,4,8.06038e-05,1
poli4,5,3.8587e-05,1
poli_large,0,2.91678e-05,1
poli_large,1,1.32445e-05,1
poli_large,2,0.00746582,1
poli_large,3,0.00022407,1
poli_large,4,5.98354e-05,1
poli_large,5,2.5763e-05,1
qpband,0,2.94117e-05,1
qpband,1,1.23975e-05,1
qpband,2,1.53838e-05,1
qpband,3,4.98031e-05,1
qpband,4,6.56048e-05,1
qpband,5,2.59901e-05,1
raefsky6,0,3.8914e-05,1
raefsky6,1,1.96137e-05,1
raefsky6,2,0.000553119,1
raefsky6,3,0.000818982,1
raefsky6,4,5.71903e-05,1
raefsky6,5,2.96322e-05,1
Ragusa16,0,3.07586e-05,2
Ragusa16,1,1.27814e-05,2
Ragusa16,2,1.23567e-05,2
Ragusa16,3,2.45801e-05,2
Ragusa16,4,4.37804e-05,2
Ragusa16,5,2.57943e-05,2
rajat03,0,2.84058e-05,1
rajat03,1,1.24146e-05,1
rajat03,2,0.00013987,1
rajat03,3,3.83569e-05,1
rajat03,4,4.71655e-05,1
rajat03,5,2.5118e-05,1
rajat12,0,2.89097e-05,1
rajat12,1,1.2144e-05,1
rajat12,2,0.000281806,1
rajat12,3,8.71692e-05,1
rajat12,4,4.21083e-05,1
rajat12,5,2.45154e-05,1
rajat14,0,2.96169e-05,1
rajat14,1,1.25935e-05,1
rajat14,2,2.13703e-05,1
rajat14,3,2.50889e-05,1
rajat14,4,4.30654e-05,1
rajat14,5,2.65164e-05,1
rajat19,0,2.85821e-05,1
rajat19,1,1.20713e-05,1
rajat19,2,0.000102341,1
rajat19,3,7.45024e-05,1
rajat19,4,4.23719e-05,1
rajat19,5,2.38985e-05,1
rajat27,0,3.1789e-05,1
rajat27,1,1.57574e-05,1
rajat27,2,inf,1
rajat27,3,0.002476,1
rajat27,4,6.91499e-05,1
rajat27,5,2.90083e-05,1
rbsa480,0,3.97274e-05,1
rbsa480,1,2.11142e-05,1
rbsa480,2,7.26968e-05,1
rbsa480,3,3.65303e-05,1
rbsa480,4,5.56499e-05,1
rbsa480,5,3.45722e-05,1
rdb200,0,3.2196e-05,2
rdb200,1,1.32762e-05,2
rdb200,2,1.30665e-05,2
rdb200,3,2.594e-05,2
rdb200,4,4.35171e-05,2
rdb200,5,2.6265e-05,2
rdb2048,0,2.77476e-05,1
rdb2048,1,1.20597e-05,1
rdb2048,2,1.22001e-05,1
rdb2048,3,2.56024e-05,1
rdb2048,4,4.08399e-05,1
rdb2048,5,2.3769e-05,1
rdb5000,0,2.92895e-05,1
rdb5000,1,1.23914e-05,1
rdb5000,2,1.31219e-05,1
rdb5000,3,2.92528e-05,1
rdb5000,4,4.51181e-05,1
rdb5000,5,2.46745e-05,1
rdist1,0,3.5961e-05,1
rdist1,1,1.45292e-05,1
rdist1,2,0.00010801,1
rdist1,3,4.13506e-05,1
rdist1,4,4.84599e-05,1
rdist1,5,2.64317e-05,1
rdist2,0,3.12917e-05,1
rdist2,1,1.23448e-05,1
rdist2,2,7.90034e-05,1
rdist2,3,3.74142e-05,1
rdist2,4,4.32323e-05,1
rdist2,5,2.41416e-05,1
reorientation_2,0,2.89815e-05,1
reorientation_2,1,1.23709e-05,1
reorientation_2,2,0.000155566,1
reorientation_2,3,7.90578e-05,1
reorientation_2,4,4.19232e-05,1
reorientation_2,5,2.44479e-05,1
reorientation_4,0,2.75769e-05,1
reorientation_4,1,1.37517e-05,1
reorientation_4,2,0.000471695,1
reorientation_4,3,0.00018644,1
reorientation_4,4,4.32495e-05,1
reorientation_4,5,2.61465e-05,1
reorientation_7,0,3.24562e-05,1
reorientation_7,1,1.44655e-05,1
reorientation_7,2,0.000576641,1
reorientation_7,3,0.000246294,1
reorientation_7,4,4.24433e-05,1
reorientation_7,5,2.63326e-05,1
robot,0,2.96886e-05,1
robot,1,1.22897e-05,1
robot,2,1.33464e-05,1
robot,3,2.42065e-05,1
robot,4,4.30104e-05,1
robot,5,2.50352e-05,1
rw136,0,3.05984e-05,2
rw136,1,1.2214e-05,2
rw136,2,1.21225e-05,2
rw136,3,2.49477e-05,2
rw136,4,4.41838e-05,2
rw136,5,2.61973e-05,2
S10PI_n,0,2.78473e-05,1
S10PI_n,1,1.15267e-05,1
S10PI_n,2,1.55537e-05,1
S10PI_n,3,2.52915e-05,1
S10PI_n,4,4.39087e-05,1
S10PI_n,5,2.30598e-05,1
s1rmq4m1,0,5.35156e-05,1
s1rmq4m1,1,2.09828e-05,1
s1rmq4m1,2,7.99929e-05,1
s1rmq4m1,3,inf,1
s1rmq4m1,4,7.34392e-05,1
s1rmq4m1,5,3.75175e-05,1
s3rmq4m1,0,5.4164e-05,1
s3rmq4m1,1,2.12775e-05,1
s3rmq4m1,2,8.14261e-05,1
s3rmq4m1,3,0.00725083,1
s3rmq4m1,4,7.36598e-05,1
s3rmq4m1,5,3.78864e-05,1
S80PI_n1,0,2.90703e-05,1
S80PI_n1,1,1.22465e-05,1
S80PI_n1,2,3.27334e-05,1
S80PI_n1,3,2.78747e-05,1
S80PI_n1,4,4.47653e-05,1
S80PI_n1,5,2.41391e-05,1
saylr1,0,2.94614e-05,1
saylr1,1,1.17797e-05,1
saylr1,2,1.20738e-05,1
saylr1,3,2.46324e-05,1
saylr1,4,4.3295e-05,1
saylr1,5,2.46719e-05,1
saylr4,0,2.97226e-05,1
saylr4,1,1.23253e-05,1
saylr4,2,1.26712e-05,1
saylr4,3,2.74028e-05,1
saylr4,4,4.46776e-05,1
saylr4,5,2.42172e-05,1
SciMet,0,2.81059e-05,1
SciMet,1,1.12118e-05,1
SciMet,2,0.000445062,1
SciMet,3,3.1917e-05,1
SciMet,4,4.18403e-05,1
SciMet,5,2.32287e-05,1
shallow_water1,0,4.2723e-05,1
shallow_water1,1,2.14963e-05,1
shallow_water1,2,inf,1
shallow_water1,3,0.000150813,1
shallow_water1,4,0.000164384,1
shallow_water1,5,4.17763e-05,1
sherman1,0,2.81714e-05,2
sherman1,1,1.19187e-05,2
sherman1,2,1.19075e-05,2
sherman1,3,2.52136e-05,2
sherman1,4,4.17494e-05,2
sherman1,5,2.39035e-05,2
sherman2,0,2.87733e-05,1
sherman2,1,1.21911e-05,1
sherman2,2,1.47254e-05,1
sherman2,3,2.77105e-05,1
sherman2,4,4.06859e-05,1
sherman2,5,2.4007e-05,1
SiH4,0,4.10903e-05,1
SiH4,1,2.54951e-05,1
SiH4,2,0.00176939,1
SiH4,3,8.62999e-05,1
SiH4,4,6.31905e-05,1
SiH4,5,3.84643e-05,1
SiNa,0,4.33063e-05,1
SiNa,1,2.47888e-05,1
SiNa,2,0.00281334,1
SiNa,3,9.22116e-05,1
SiNa,4,6.53253e-05,1
SiNa,5,3.74227e-05,1
spaceShuttleEntry_1,0,2.8717e-05,1
spaceShuttleEntry_1,1,1.26741e-05,1
spaceShuttleEntry_1,2,0.000144327,1
spaceShuttleEntry_1,3,3.18857e-05,1
spaceShuttleEntry_1,4,4.14105e-05,1
spaceShuttleEntry_1,5,2.38809e-05,1
spaceShuttleEntry_2,0,2.83268e-05,1
spaceShuttleEntry_2,1,1.1563e-05,1
spaceShuttleEntry_2,2,0.000122335,1
spaceShuttleEntry_2,3,6.94857e-05,1
spaceShuttleEntry_2,4,4.1796e-05,1
spaceShuttleEntry_2,5,2.32164e-05,1
spaceStation_1,0,3.43588e-05,1
spaceStation_1,1,1.5323e-05,1
spaceStation_1,2,1.68584e-05,1
spaceStation_1,3,2.85112e-05,1
spaceStation_1,4,4.65222e-05,1
spaceStation_1,5,2.74956e-05,1
spaceStation_11,0,3.01738e-05,1
spaceStation_11,1,1.17098e-05,1
spaceStation_11,2,3.80259e-05,1
spaceStation_11,3,2.97455e-05,1
spaceStation_11,4,4.35418e-05,1
spaceStation_11,5,2.31053e-05,1
Spectro_10NN,0,2.98441e-05,5
Spectro_10NN,1,3.22949e-05,5
Spectro_10NN,2,3.09153e-05,5
Spectro_10NN,3,2.40483e-05,5
Spectro_10NN,4,3.91794e-05,5
Spectro_10NN,5,2.33734e-05,5
spiral,0,2.90443e-05,1
spiral,1,1.19506e-05,1
spiral,2,8.92166e-05,1
spiral,3,3.20686e-05,1
spiral,4,4.17652e-05,1
spiral,5,2.40397e-05,1
steam3,0,3.14762e-05,2
steam3,1,1.58204e-05,2
steam3,2,1.43666e-05,2
steam3,3,2.68631e-05,2
steam3,4,4.28688e-05,2
steam3,5,2.60159e-05,2
stokes64,0,3.34838e-05,1
stokes64,1,1.3683e-05,1
stokes64,2,0.000308534,1
stokes64,3,4.47088e-05,1
stokes64,4,5.91852e-05,1
stokes64,5,2.9927e-05,1
stokes64s,0,3.42418e-05,1
stokes64s,1,1.37938e-05,1
stokes64s,2,0.000311024,1
stokes64s,3,4.39068e-05,1
stokes64s,4,5.70085e-05,1
stokes64s,5,2.97258e-05,1
str_400,0,3.23935e-05,1
str_400,1,1.57844e-05,1
str_400,2,7.46474e-05,1
str_400,3,2.71304e-05,1
str_400,4,4.21227e-05,1
str_400,5,2.83818e-05,1
str_600,0,3.44804e-05,1
str_600,1,1.7153e-05,1
str_600,2,7.3166e-05,1
str_600,3,2.83009e-05,1
str_600,4,4.3806e-05,1
str_600,5,2.94935e-05,1
sts4098,0,3.21153e-05,1
sts4098,1,1.36014e-05,1
sts4098,2,0.000993158,1
sts4098,3,0.000114872,1
sts4098,4,4.58026e-05,1
sts4098,5,2.60884e-05,1
swang2,0,2.94216e-05,1
swang2,1,1.22346e-05,1
swang2,2,0.000515485,1
swang2,3,2.78926e-05,1
swang2,4,4.54953e-05,1
swang2,5,2.46165e-05,1
t2dah,0,4.02261e-05,1
t2dah,1,1.65196e-05,1
t2dah,2,0.000298478,1
t2dah,3,4.6425e-05,1
t2dah,4,6.25558e-05,1
t2dah,5,2.95496e-05,1
ted_A_unscaled,0,7.14643e-05,1
ted_A_unscaled,1,4.02118e-05,1
ted_A_unscaled,2,0.00508963,1
ted_A_unscaled,3,0.000133456,1
ted_A_unscaled,4,0.000110058,1
ted_A_unscaled,5,5.31587e-05,1
ted_B_unscaled,0,3.9242e-05,1
ted_B_unscaled,1,1.86538e-05,1
ted_B_unscaled,2,5.21522e-05,1
ted_B_unscaled,3,6.00808e-05,1
ted_B_unscaled,4,5.74763e-05,1
ted_B_unscaled,5,3.02928e-05,1
Trefethen_2000,0,2.92262e-05,1
Trefethen_2000,1,1.22537e-05,1
Trefethen_2000,2,1.32926e-05,1
Trefethen_2000,3,2.59391e-05,1
Trefethen_2000,4,4.18794e-05,1
Trefethen_2000,5,2.45629e-05,1
Trefethen_200b,0,3.71895e-05,2
Trefethen_200b,1,1.97684e-05,2
Trefethen_200b,2,1.71826e-05,2
Trefethen_200b,3,3.26955e-05,2
Trefethen_200b,4,4.98056e-05,2
Trefethen_200b,5,2.99083e-05,2
Trefethen_500,0,2.92306e-05,2
Trefethen_500,1,1.24634e-05,2
Trefethen_500,2,1.23875e-05,2
Trefethen_500,3,2.506e-05,2
Trefethen_500,4,4.04221e-05,2
Trefethen_500,5,2.42909e-05,2
Trefethen_700,0,2.7498e-05,1
Trefethen_700,1,1.18784e-05,1
Trefethen_700,2,1.22069e-05,1
Trefethen_700,3,2.4906e-05,1
Trefethen_700,4,4.33236e-05,1
Trefethen_700,5,2.36873e-05,1
TSOPF_FS_b9_c1,0,2.88638e-05,1
TSOPF_FS_b9_c1,1,1.55708e-05,1
TSOPF_FS_b9_c1,2,0.000287765,1
TSOPF_FS_b9_c1,3,0.000107079,1
TSOPF_FS_b9_c1,4,4.20324e-05,1
TSOPF_FS_b9_c1,5,2.73353e-05,1
TSOPF_FS_b9_c6,0,3.75477e-05,0
TSOPF_FS_b9_c6,1,6.26158e-05,0
TSOPF_FS_b9_c6,2,inf,0
TSOPF_FS_b9_c6,3,inf,0
TSOPF_FS_b9_c6,4,6.28798e-05,0
TSOPF_FS_b9_c6,5,7.52043e-05,0
tub100,0,3.06508e-05,2
tub100,1,1.24779e-05,2
tub100,2,1.18369e-05,2
tub100,3,2.40532e-05,2
tub100,4,4.1647e-05,2
tub100,5,2.50945e-05,2
tuma2,0,3.08879e-05,1
tuma2,1,1.21594e-05,1
tuma2,2,inf,1
tuma2,3,4.04523e-05,1
tuma2,4,5.54526e-05,1
tuma2,5,2.55812e-05,1
tumorAntiAngiogenesis_4,0,3.08766e-05,1
tumorAntiAngiogenesis_4,1,1.26915e-05,1
tumorAntiAngiogenesis_4,2,5.51753e-05,1
tumorAntiAngiogenesis_4,3,3.03154e-05,1
tumorAntiAngiogenesis_4,4,4.23193e-05,1
tumorAntiAngiogenesis_4,5,2.52634e-05,1
tumorAntiAngiogenesis_8,0,2.94182e-05,1
tumorAntiAngiogenesis_8,1,1.19152e-05,1
tumorAntiAngiogenesis_8,2,2.38536e-05,1
tumorAntiAngiogenesis_8,3,2.90131e-05,1
tumorAntiAngiogenesis_8,4,4.19178e-05,1
tumorAntiAngiogenesis_8,5,2.4603e-05,1
usps_norm_5NN,0,3.09016e-05,1
usps_norm_5NN,1,1.36379e-05,1
usps_norm_5NN,2,0.00827665,1
usps_norm_5NN,3,5.2366e-05,1
usps_norm_5NN,4,5.63173e-05,1
usps_norm_5NN,5,2.61529e-05,1
utm1700b,0,2.79858e-05,1
utm1700b,1,1.19518e-05,1
utm1700b,2,1.68818e-05,1
utm1700b,3,2.49728e-05,1
utm1700b,4,4.14278e-05,1
utm1700b,5,2.36133e-05,1
utm300,0,3.03306e-05,1
utm300,1,1.28304e-05,1
utm300,2,1.86502e-05,1
utm300,3,2.66833e-05,1
utm300,4,4.25136e-05,1
utm300,5,2.51395e-05,1
vibrobox,0,5.55079e-05,1
vibrobox,1,3.24294e-05,1
vibrobox,2,inf,1
vibrobox,3,0.000121001,1
vibrobox,4,7.72598e-05,1
vibrobox,5,4.53484e-05,1
viscoplastic1,0,2.88112e-05,1
viscoplastic1,1,1.27938e-05,1
viscoplastic1,2,0.00168954,1
viscoplastic1,3,3.90472e-05,1
viscoplastic1,4,4.52467e-05,1
viscoplastic1,5,2.51395e-05,1
viscoplastic2,0,6.39866e-05,0
viscoplastic2,1,7.6804e-05,0
viscoplastic2,2,inf,0
viscoplastic2,3,0.000255708,0
viscoplastic2,4,0.000104472,0
viscoplastic2,5,8.87213e-05,0
wang1,0,2.76836e-05,1
wang1,1,1.2091e-05,1
wang1,2,1.29835e-05,1
wang1,3,2.66643e-05,1
wang1,4,4.12739e-05,1
wang1,5,2.41137e-05,1
west0067,0,3.09478e-05,1
west0067,1,1.25114e-05,1
west0067,2,1.7185e-05,1
west0067,3,2.41469e-05,1
west0067,4,4.19006e-05,1
west0067,5,2.52114e-05,1
west0381,0,3.07195e-05,1
west0381,1,1.28589e-05,1
west0381,2,4.99973e-05,1
west0381,3,2.48977e-05,1
west0381,4,4.43215e-05,1
west0381,5,2.54824e-05,1
west0479,0,2.99737e-05,1
west0479,1,1.16752e-05,1
west0479,2,1.97111e-05,1
west0479,3,2.43812e-05,1
west0479,4,4.06182e-05,1
west0479,5,2.35817e-05,1
ww_36_pmec_36,0,3.30373e-05,1
ww_36_pmec_36,1,1.38289e-05,1
ww_36_pmec_36,2,1.45855e-05,1
ww_36_pmec_36,3,2.63103e-05,1
ww_36_pmec_36,4,4.51057e-05,1
ww_36_pmec_36,5,2.79191e-05,1
wy2010,0,5.42636e-05,1
wy2010,1,3.7637e-05,1
wy2010,2,inf,1
wy2010,3,0.000533053,1
wy2010,4,0.000178274,1
wy2010,5,5.41448e-05,1
xingo3012,0,3.11954e-05,1
xingo3012,1,1.69615e-05,1
xingo3012,2,inf,1
xingo3012,3,9.02081e-05,1
xingo3012,4,7.05898e-05,1
xingo3012,5,2.99319e-05,1
xingo_afonso_itaipu,0,3.00306e-05,1
xingo_afonso_itaipu,1,1.37308e-05,1
xingo_afonso_itaipu,2,0.0106643,1
xingo_afonso_itaipu,3,4.37672e-05,1
xingo_afonso_itaipu,4,5.68278e-05,1
xingo_afonso_itaipu,5,2.63055e-05,1
YaleB_10NN,0,2.84027e-05,1
YaleB_10NN,1,1.22207e-05,1
YaleB_10NN,2,0.000264891,1
YaleB_10NN,3,2.95284e-05,1
YaleB_10NN,4,4.22834e-05,1
YaleB_10NN,5,2.40813e-05,1
Zewail,0,3.17269e-05,1
Zewail,1,1.19895e-05,1
Zewail,2,0.00273304,1
Zewail,3,8.44986e-05,1
Zewail,4,4.93442e-05,1
Zewail,5,2.39758e-05,1
Zhao1,0,3.59197e-05,1
Zhao1,1,1.52161e-05,1
Zhao1,2,0.00709079,1
Zhao1,3,8.09832e-05,1
Zhao1,4,9.12956e-05,1
Zhao1,5,2.9585e-05,1
